,6-nt,8-nt,10-nt,12-nt,14-nt,16-nt,18-nt,Cluster
ARG1058_GLU1026,0,0,0,1,0,0,0,0
ARG457_GLU470,0,0,0,1,1,0,0,0
ARG457_sgRNA1428,0,0,0,1,0,0,0,0
ARG629_GLU627,0,0,0,1,0,0,0,0
ARG1114_NTS1527,0,0,1,1,0,0,0,0
LYS1118_NTS1526,0,0,0,1,0,0,0,0
LYS1200_NTS1524,0,0,1,1,0,0,0,0
LYS233_sgRNA1373,0,0,0,1,0,0,0,0
ARG1114_NTS1525,1,1,0,0,0,0,0,0
ARG115_GLU108,1,0,0,0,0,0,0,0
ARG307_ASP397,1,0,1,0,0,0,0,0
ARG457_sgRNA1427,1,1,1,0,0,0,0,0
ARG461_sgRNA1432,1,0,0,1,1,0,0,0
ARG63_GLU60,1,1,0,0,0,0,0,0
ARG653_ASP272,1,0,0,0,0,0,0,0
ARG661_sgRNA1381,1,0,0,0,0,0,0,0
ARG664_ASP614,1,0,0,0,0,0,0,0
ARG884_GLU532,1,0,0,0,0,0,0,0
ARG895_sgRNA1376,1,0,0,0,0,0,0,0
ARG905_ASP898,1,1,0,1,0,0,0,0
ARG919_sgRNA1377,1,0,0,0,0,0,0,0
ARG919_ASP849,1,1,1,0,0,0,0,0
ARG925_GLU923,1,1,0,1,0,0,0,0
ARG925_GLU762,1,0,0,0,0,0,0,0
ASP1251_LYS1255,1,1,1,0,0,0,0,0
ASP1328_HIS1297,1,0,0,1,1,0,0,0
ASP1328_LYS1296,1,0,0,1,1,0,0,0
ASP261_LYS253,1,1,0,1,0,1,0,0
ASP850_LYS848,1,0,0,1,0,1,0,0
ASP850_LYS961,1,1,1,0,1,0,0,0
GLU1068_LYS1003,1,0,0,0,0,0,0,0
GLU493_LYS506,1,1,0,0,0,0,0,0
GLU809_LYS855,1,0,0,0,1,0,0,0
HIS116_sgRNA1397,1,0,0,1,1,0,0,0
LYS1118_NTS1524,1,1,0,0,0,0,0,0
LYS1200_NTS1522,1,1,0,0,0,0,0,0
LYS1211_sgRNA1461,1,0,0,0,1,0,0,0
LYS234_TS1494,1,0,0,0,0,0,0,0
LYS253_TS1496,1,0,0,0,0,0,0,0
LYS263_NTS1510,1,0,0,0,0,0,0,0
LYS30_sgRNA1452,1,1,0,1,0,0,0,0
LYS500_sgRNA1381,1,0,0,0,0,0,0,0
LYS536_sgRNA1374,1,0,0,0,0,0,0,0
LYS536_sgRNA1373,1,0,0,0,0,0,0,0
LYS735_sgRNA1436,1,0,0,1,0,0,0,0
GLU543_LYS546,1,0,1,0,0,0,1,0
ARG1210_GLU1207,0,0,0,0,0,1,1,1
ARG221_ASP304,0,0,0,0,0,1,1,1
ARG653_ASP273,0,0,0,0,0,1,1,1
ARG895_ASP849,0,0,0,0,0,1,1,1
GLU103_HIS113,0,1,1,0,0,1,1,1
GLU786_LYS782,0,0,0,0,0,1,1,1
LYS1123_sgRNA1422,0,1,0,0,0,1,1,1
ARG629_ASP273,0,0,0,0,0,1,1,1
ARG655_TS1488,0,0,0,0,1,1,1,1
ARG895_TS1495,0,0,1,0,0,1,1,1
ARG905_TS1496,0,0,0,0,0,1,1,1
ARG919_TS1495,0,0,0,0,0,1,1,1
ARG925_TS1493,0,0,0,0,0,1,1,1
ASP947_LYS705,0,0,0,0,0,0,1,1
GLU923_LYS959,0,0,0,0,0,0,1,1
HIS930_TS1492,0,0,0,0,1,1,1,1
LYS902_TS1496,0,0,0,0,0,1,1,1
ARG765_GLU762,0,0,0,0,0,0,1,1
ARG1019_GLU1026,0,0,0,0,0,0,1,1
ARG778_TS1484,0,0,0,0,0,1,1,1
ARG783_sgRNA1380,0,0,0,0,0,1,1,1
LYS782_TS1485,0,0,0,0,0,1,1,1
LYS782_TS1484,0,0,0,0,0,1,1,1
LYS890_sgRNA1379,0,0,0,0,0,1,1,1
ARG1060_NTS1516,0,0,0,0,0,0,1,1
ARG1114_NTS1533,0,0,0,0,0,0,1,1
ARG976_NTS1526,0,0,0,0,0,0,1,1
ARG976_NTS1525,0,0,0,0,0,0,1,1
LYS1118_NTS1532,0,0,0,0,0,0,1,1
LYS1200_NTS1530,0,0,0,0,0,0,1,1
LYS974_NTS1525,0,0,0,0,0,0,1,1
ARG1019_ASP1017,0,1,0,1,1,0,0,2
ARG653_ASP274,0,0,1,1,1,0,0,2
ARG895_ASP853,0,1,1,1,1,0,0,2
ASP54_LYS1096,0,0,0,1,1,1,0,2
LYS1097_sgRNA1437,0,1,0,1,1,1,0,2
LYS742_sgRNA1437,0,1,0,1,1,1,0,2
LYS268_TS1487,0,0,1,1,1,1,0,2
ARG115_sgRNA1396,0,1,1,1,1,1,1,2
ARG40_sgRNA1461,0,1,1,0,1,1,1,2
ARG424_GLU427,0,1,1,0,1,1,1,2
ARG447_GLU171,0,0,1,1,1,1,1,2
ARG63_sgRNA1384,0,1,1,1,1,1,1,2
ARG635_ASP618,0,1,0,1,1,0,1,2
ARG780_GLU809,0,1,1,1,1,1,1,2
ARG783_GLU779,0,0,1,1,1,1,1,2
ARG820_GLU827,0,0,1,1,1,1,1,2
ASP608_LYS604,0,1,1,1,1,1,1,2
GLU1007_LYS918,0,1,1,1,1,1,1,2
GLU1099_LYS735,0,1,1,1,1,1,1,2
GLU1099_LYS1097,0,0,1,1,1,1,1,2
GLU786_LYS789,0,1,0,0,1,1,1,2
LYS1123_sgRNA1420,0,1,0,1,1,1,1,2
LYS1334_TS1476,0,1,1,1,1,1,1,2
ARG629_ASP274,0,1,0,1,1,1,1,2
ARG63_sgRNA1383,0,0,1,1,0,1,1,2
ARG1058_GLU1056,1,1,1,1,1,0,0,2
ARG1210_GLU1341,1,1,1,1,1,1,0,2
ARG1279_GLU1275,1,0,1,0,1,1,0,2
ASP912_LYS902,1,1,1,1,1,0,0,2
GLU125_HIS129,1,0,0,1,1,1,0,2
GLU505_LYS665,1,1,1,1,1,1,0,2
GLU523_LYS526,1,1,1,0,1,1,0,2
ARG1060_GLU1064,1,1,0,1,1,0,1,2
ARG1078_GLU24,1,1,0,1,1,1,1,2
ARG1303_GLU1304,1,1,1,1,1,0,1,2
ARG395_ASP397,1,1,0,1,1,0,1,2
ARG655_GLU627,1,1,0,1,1,1,1,2
ARG69_sgRNA1433,1,0,1,0,1,1,1,2
ASP23_LYS999,1,1,1,0,0,1,1,2
ASP700_LYS705,1,0,1,1,1,0,1,2
ASP969_LYS1047,1,1,0,1,1,1,1,2
GLU1005_LYS954,1,1,0,0,1,1,1,2
GLU349_LYS346,1,0,0,1,1,1,1,2
GLU874_LYS877,1,0,1,1,1,1,1,2
ARG1114_ASP1135,0,0,1,0,0,1,0,3
ARG1212_GLU1341,0,0,0,0,0,1,0,3
ARG1359_ASP39,0,1,0,0,0,0,0,3
ARG215_ASP304,0,1,0,0,0,0,0,3
ARG215_ASP397,0,0,0,0,0,1,0,3
ARG220_GLU223,0,0,0,0,0,1,0,3
ARG71_sgRNA1388,0,1,0,0,1,1,0,3
ARG71_sgRNA1389,0,0,0,0,0,1,0,3
ARG75_sgRNA1389,0,1,0,0,0,0,0,3
ARG951_ASP1012,0,0,0,0,0,1,0,3
ASP898_LYS902,0,1,0,0,0,0,0,3
ASP969_LYS848,0,1,0,0,0,0,0,3
GLU1071_LYS999,0,0,0,0,0,1,0,3
GLU1243_LYS968,0,1,0,0,0,0,0,3
GLU579_LYS565,0,0,1,0,0,0,0,3
GLU809_LYS1246,0,0,1,0,0,0,0,3
GLU910_LYS1024,0,0,1,0,0,0,0,3
GLU910_LYS913,0,0,0,0,0,1,0,3
LYS218_NTS1511,0,1,0,0,0,0,0,3
LYS65_sgRNA1421,0,0,1,0,0,0,0,3
LYS775_NTS1516,0,1,0,1,0,0,0,3
ARG586_NTS1505,0,1,0,0,0,0,0,3
ARG653_ASP276,0,0,0,0,0,1,0,3
ARG654_NTS1508,0,1,0,0,0,0,0,3
ARG69_sgRNA1431,0,1,0,1,0,0,0,3
ARG778_NTS1513,0,1,0,0,0,0,0,3
ASP1012_LYS705,0,1,0,0,0,0,0,3
GLU1028_LYS1031,0,0,1,0,0,0,0,3
LYS234_TS1495,0,1,0,0,0,0,0,3
LYS253_TS1497,0,1,0,0,0,0,0,3
LYS772_NTS1516,0,1,0,0,0,0,0,3
LYS775_NTS1514,0,1,0,0,0,0,0,3
ARG220_sgRNA1375,0,0,1,0,0,0,0,3
ARG220_sgRNA1376,0,0,1,0,0,0,0,3
ARG586_TS1498,0,0,1,0,0,0,0,3
ARG661_NTS1508,0,0,0,0,1,0,0,3
ARG661_TS1491,0,0,0,0,0,1,0,3
ARG765_TS1494,0,0,0,0,0,1,0,3
ARG765_GLU923,0,0,0,0,1,0,0,3
ARG919_TS1496,0,0,0,0,1,0,0,3
ARG1114_NTS1529,0,0,0,0,1,0,0,3
LYS1200_NTS1526,0,0,0,0,1,0,0,3
ARG1114_NTS1531,0,0,0,0,0,1,0,3
ARG661_sgRNA1374,0,0,0,0,0,1,0,3
LYS1118_NTS1530,0,0,0,0,0,1,0,3
LYS1200_NTS1528,0,0,0,0,0,1,0,3
LYS510_sgRNA1375,0,0,0,0,0,1,0,3
LYS772_NTS1526,0,0,0,0,0,1,0,3
