Residue_Number,Domain,6nt_Ordered_Pct,8nt_Ordered_Pct,10nt_Ordered_Pct,12nt_Ordered_Pct,14nt_Ordered_Pct,16nt_Ordered_Pct,18nt_Ordered_Pct,Max_Shift_Pct
1036,RuvC-III,0.11,0.04,3.97,98.23,0.53,92.81,100.0,99.96
1034,RuvC-III,0.0,1.53,0.02,1.66,1.34,81.04,99.87,99.87
1035,RuvC-III,0.19,0.21,2.47,0.2,1.26,79.38,99.94,99.75
1038,RuvC-III,0.0,0.0,0.0,0.0,0.0,83.22,99.68,99.68
1037,RuvC-III,95.43,94.58,69.39,0.56,72.78,92.2,100.0,99.44
775,L1,93.29,68.37,88.01,99.73,98.57,2.61,0.48,99.25
538,REC3,98.32,99.86,99.91,99.89,99.91,99.82,1.25,98.66
1022,RuvC-III,95.48,94.61,73.06,98.23,75.06,9.91,0.0,98.23
1039,RuvC-III,0.0,0.0,0.0,0.0,0.0,94.71,94.8,94.8
1051,RuvC-III,98.66,95.26,73.67,93.79,94.02,7.47,20.48,91.19
774,L1,78.61,60.14,78.78,93.21,76.69,2.63,26.12,90.58
1025,RuvC-III,0.53,1.37,0.0,0.19,0.21,0.0,89.33,89.33
1020,RuvC-III,53.67,88.54,69.95,44.82,68.96,76.41,0.0,88.54
1026,RuvC-III,0.61,1.29,0.0,0.2,22.82,0.0,87.64,87.64
1033,RuvC-III,16.09,2.74,27.01,6.61,2.42,81.05,89.11,86.69
1032,RuvC-III,2.42,1.33,65.52,11.36,5.39,78.29,86.16,84.83
773,L1,13.27,45.48,33.9,88.02,70.4,4.41,43.46,83.61
1027,RuvC-III,0.76,1.07,55.29,1.11,23.69,0.56,83.31,82.75
1050,RuvC-III,99.6,99.67,64.81,99.4,95.1,18.98,18.84,80.83
1024,RuvC-III,0.11,0.44,0.0,0.0,0.01,0.03,80.58,80.58
1030,RuvC-III,6.92,6.46,79.73,11.55,20.85,0.0,7.23,79.73
1057,RuvC-III,98.66,95.26,60.71,93.79,94.02,19.95,24.3,78.71
1058,RuvC-III,99.6,99.67,65.08,99.4,95.1,30.0,21.35,78.32
1031,RuvC-III,7.74,11.29,74.76,12.09,11.27,77.46,85.48,77.74000000000001
271,REC2,85.39,99.25,21.95,77.56,82.84,99.01,97.69,77.3
1021,RuvC-III,45.79,75.59,50.01,38.08,53.84,39.13,0.0,75.59
1029,RuvC-III,23.56,7.29,74.89,4.68,24.71,0.0,47.48,74.89
1018,RuvC-III,49.84,84.39,69.96,36.01,50.18,75.72,10.21,74.18
713,REC3,57.05,66.24,72.06,15.55,43.96,59.23,89.25,73.7
625,REC3,97.62,98.41,98.83,25.9,99.36,98.76,98.93,73.46000000000001
1040,RuvC-III,0.0,0.0,0.0,0.0,0.44,72.25,71.07,72.25
712,REC3,80.93,90.6,80.71,25.53,52.65,67.08,96.93,71.4
1028,RuvC-III,0.73,5.48,70.91,4.44,24.61,0.0,57.56,70.91
922,RuvC-III,5.07,9.16,70.49,8.63,72.59,2.03,37.06,70.56
1019,RuvC-III,53.67,88.54,70.47,44.82,66.49,77.58,18.81,69.73
958,RuvC-III,5.28,11.98,71.01,13.16,73.26,24.32,45.31,67.98
23,RuvC-I,0.0,0.0,0.0,64.21,66.31,0.0,0.0,66.31
24,RuvC-I,0.0,0.0,0.0,64.05,66.22,0.0,0.0,66.22
25,RuvC-I,0.0,0.0,0.0,64.05,66.22,0.0,0.0,66.22
961,RuvC-III,37.48,52.44,73.68,63.91,77.2,99.69,95.04,62.21
1017,RuvC-III,0.0,0.0,60.93,0.0,0.0,19.45,10.2,60.93
1002,RuvC-III,76.95,45.37,46.73,16.81,58.01,24.22,53.08,60.14
1003,RuvC-III,77.3,45.53,47.08,17.19,58.85,24.56,56.93,60.11
256,REC2,61.52,58.01,1.54,56.79,60.47,48.45,38.73,59.980000000000004
494,REC1-B,99.33,77.36,79.47,74.3,41.07,40.0,41.41,59.33
251,REC2,75.4,96.15,37.42,78.47,95.79,70.67,59.71,58.730000000000004
263,REC2,75.4,96.15,38.2,78.47,95.79,70.66,59.69,57.95
714,REC3,46.92,47.37,51.69,9.68,23.81,38.85,67.01,57.330000000000005
1215,PI,40.98,96.73,94.18,92.79,90.68,98.11,73.65,57.13
1216,PI,41.38,96.86,94.55,92.56,91.7,98.36,73.92,56.98
1240,PI,45.58,34.36,84.54,33.1,30.77,28.06,34.54,56.480000000000004
1004,RuvC-III,79.34,47.43,54.26,23.07,69.23,32.21,58.94,56.27
1219,PI,42.3,96.86,94.59,93.76,91.13,98.4,76.91,56.10000000000001
957,RuvC-III,84.96,65.95,43.39,95.67,56.02,98.47,86.43,55.08
539,REC3,82.77,89.01,81.67,89.49,83.15,87.29,34.68,54.809999999999995
1049,RuvC-III,98.76,98.98,79.74,98.16,97.75,54.39,45.75,53.230000000000004
1059,RuvC-III,98.76,98.98,92.97,98.16,97.75,55.34,45.85,53.13
1220,PI,47.56,99.78,99.3,99.46,99.57,99.76,99.2,52.22
1120,PI,72.96,42.86,93.71,41.9,50.19,78.63,89.97,51.809999999999995
771,L1,2.05,0.0,0.06,0.0,0.0,31.5,51.75,51.75
495,REC1-B,87.6,60.05,78.99,72.33,40.47,37.49,40.93,50.10999999999999
1008,RuvC-III,61.19,41.75,49.2,19.22,61.99,30.77,68.29,49.07000000000001
304,REC2,52.47,64.94,53.43,42.9,42.74,91.58,90.64,48.839999999999996
255,REC2,84.08,79.57,35.65,77.8,77.2,71.0,57.96,48.43
772,L1,0.23,0.01,0.97,0.0,0.0,15.55,47.66,47.66
303,REC2,67.38,73.38,64.59,50.3,56.21,97.72,97.4,47.42
1110,PI,26.02,68.78,28.88,54.55,56.22,22.85,21.84,46.94
531,REC3,16.85,45.79,47.25,47.37,43.37,46.82,0.52,46.849999999999994
305,REC2,51.8,65.0,52.31,42.11,42.14,78.0,88.78,46.67
26,RuvC-I,0.13,4.63,3.24,46.68,40.41,0.04,1.65,46.64
1087,RuvC-III,57.87,19.07,13.84,54.9,53.15,12.63,12.33,45.54
960,RuvC-III,15.78,26.28,48.85,59.79,60.78,59.79,37.73,45.0
5,RuvC-I,58.43,44.95,42.63,13.72,19.1,53.52,55.71,44.71
769,L1,22.89,0.01,13.05,11.03,19.66,43.74,23.6,43.730000000000004
1041,RuvC-III,0.0,0.0,0.0,0.0,0.0,43.31,19.59,43.31
624,REC3,98.71,99.19,99.72,56.43,99.55,99.71,99.39,43.29
981,RuvC-III,54.67,37.83,64.84,59.81,47.2,80.72,71.49,42.89
1150,PI,79.81,77.06,86.79,85.23,77.56,57.38,44.36,42.43000000000001
284,REC2,92.07,91.69,50.68,92.69,91.85,92.39,91.77,42.01
272,REC2,88.53,99.93,58.73,99.84,99.83,99.79,99.73,41.20000000000001
1210,PI,60.21,59.84,71.36,63.63,69.94,31.05,46.57,40.31
1206,PI,60.23,59.84,71.35,63.63,69.94,31.05,46.55,40.3
35,RuvC-I,68.55,81.05,92.7,60.72,52.48,86.15,77.61,40.220000000000006
254,REC2,86.07,81.44,45.99,80.21,79.14,83.86,82.67,40.07999999999999
306,REC1-B,0.08,23.06,4.33,0.14,0.12,39.63,32.0,39.550000000000004
506,REC3,99.94,83.97,78.39,89.0,85.59,87.17,61.93,38.01
498,REC3,99.94,83.97,78.39,89.0,85.59,87.17,61.93,38.01
1151,PI,50.0,57.02,61.05,54.74,54.61,23.19,24.76,37.86
1156,PI,50.02,57.02,61.0,54.77,54.6,23.24,31.23,37.760000000000005
1043,RuvC-III,36.47,29.98,47.37,63.26,49.73,25.57,26.22,37.69
1066,RuvC-III,8.39,13.36,23.23,21.61,15.23,29.41,45.77,37.38
273,REC2,88.68,99.94,62.67,99.86,99.92,99.95,99.99,37.31999999999999
808,HNH,37.08,1.32,0.24,9.61,1.63,0.0,0.0,37.08
1071,RuvC-III,8.39,13.36,23.18,21.35,15.13,21.35,45.37,36.98
623,REC3,99.68,99.82,99.88,63.14,99.74,99.88,99.78,36.739999999999995
770,L1,9.54,0.0,2.32,0.38,13.87,36.46,29.49,36.46
59,RuvC-I,25.42,44.57,17.39,8.4,43.55,17.05,20.57,36.17
253,REC2,80.22,73.7,44.7,72.6,70.15,80.59,79.05,35.89
1284,PI,76.29,96.47,60.61,83.78,71.08,76.52,83.9,35.86
526,REC3,62.5,45.66,73.46,37.7,67.38,48.07,55.02,35.75999999999999
653,REC3,64.68,58.12,54.98,41.46,29.6,49.59,29.66,35.080000000000005
252,REC2,22.79,8.16,41.83,17.11,7.32,27.5,42.4,35.08
926,RuvC-III,74.86,72.23,74.63,64.34,84.15,98.56,99.03,34.69
904,HNH,84.57,52.29,75.77,79.97,82.18,49.92,82.84,34.64999999999999
37,RuvC-I,35.35,16.63,36.76,14.9,23.08,32.17,2.4,34.36
1157,PI,79.81,77.06,86.79,85.23,77.56,57.38,52.44,34.35000000000001
274,REC2,99.63,100.0,65.98,100.0,99.99,99.99,100.0,34.019999999999996
578,REC3,15.29,28.26,34.52,30.27,27.43,33.47,0.52,34.0
282,REC2,89.58,87.66,57.52,89.03,87.53,91.12,91.44,33.919999999999995
903,HNH,84.64,52.42,76.25,80.34,82.33,50.75,83.07,33.89
1208,PI,35.17,35.95,27.11,27.06,24.62,57.96,24.73,33.34
1316,PI,29.2,28.92,60.08,29.05,39.66,41.21,26.76,33.31999999999999
1209,PI,35.16,35.95,27.11,27.06,24.66,57.96,24.73,33.3
807,HNH,48.25,75.0,81.45,78.01,74.71,65.65,78.58,33.2
285,REC2,92.47,92.05,59.95,93.11,92.37,92.75,92.04,33.16
834,HNH,39.44,42.88,51.16,46.21,48.79,25.45,58.32,32.870000000000005
920,RuvC-III,89.61,93.89,96.07,95.17,89.35,90.52,63.23,32.839999999999996
581,REC3,94.13,98.44,96.78,94.77,96.37,97.88,65.92,32.519999999999996
1247,PI,32.28,0.01,0.22,0.0,0.05,0.0,0.08,32.28
921,RuvC-III,87.56,93.11,91.89,94.48,87.42,89.58,62.24,32.24
902,HNH,81.58,49.97,74.92,78.69,81.27,50.07,81.84,31.870000000000005
835,HNH,38.75,42.03,50.52,45.44,48.16,25.18,56.98,31.799999999999997
1055,RuvC-III,21.78,23.74,13.42,38.36,19.29,20.49,6.81,31.55
534,REC3,1.87,31.41,25.82,28.29,26.75,27.59,0.0,31.41
537,REC3,1.85,31.34,26.02,29.24,26.99,27.73,0.0,31.34
535,REC3,1.85,31.32,25.7,28.2,26.66,27.42,0.0,31.32
536,REC3,1.85,31.32,25.74,28.25,26.68,27.46,0.0,31.32
762,RuvC-II,47.46,64.52,64.53,38.77,69.53,60.71,64.89,30.759999999999998
1207,PI,36.95,39.64,34.05,33.88,28.53,59.02,53.34,30.490000000000002
833,HNH,39.71,42.95,51.2,46.32,48.98,28.27,58.4,30.13
905,HNH,68.7,46.98,60.31,56.91,48.65,38.63,65.43,30.07
1042,RuvC-III,34.19,27.15,34.38,40.96,39.7,26.32,11.19,29.770000000000003
806,HNH,57.75,83.54,86.33,83.46,81.26,71.74,87.27,29.519999999999996
528,REC3,98.67,99.81,99.37,99.33,99.5,99.66,70.34,29.47
1319,PI,86.86,84.1,93.36,80.23,93.35,88.62,64.06,29.299999999999997
1336,PI,35.15,62.3,52.27,64.43,62.0,57.39,40.01,29.28000000000001
1339,PI,18.18,8.61,7.66,7.35,16.86,1.0,30.12,29.12
763,RuvC-II,97.88,95.71,75.87,68.76,88.8,91.55,87.25,29.11999999999999
507,REC3,48.98,34.45,34.43,30.85,31.07,24.11,20.22,28.759999999999998
663,REC3,48.97,34.45,34.43,30.85,31.07,24.11,20.22,28.75
862,HNH,94.81,94.08,98.54,92.86,89.41,69.86,97.56,28.680000000000007
863,HNH,94.81,94.08,98.54,92.86,89.41,69.86,97.56,28.680000000000007
861,HNH,94.75,93.94,98.15,92.82,89.19,69.53,97.24,28.620000000000005
715,REC3,26.23,18.65,32.79,7.8,12.84,10.17,36.26,28.459999999999997
36,RuvC-I,44.76,24.27,52.4,50.53,52.14,44.05,49.77,28.13
525,REC3,73.52,56.52,82.27,54.2,76.29,55.65,64.12,28.069999999999993
1054,RuvC-III,21.74,23.32,13.41,38.15,19.22,25.25,10.17,27.979999999999997
1009,RuvC-III,69.73,97.31,81.25,90.47,79.73,97.2,95.09,27.58
697,REC3,29.83,19.79,28.27,41.62,47.32,22.21,41.96,27.53
409,REC1-B,95.15,75.79,93.2,96.27,95.67,96.82,69.29,27.529999999999987
1121,PI,56.72,66.92,55.81,66.31,53.23,39.48,46.98,27.440000000000005
508,REC3,47.58,34.42,34.64,30.1,30.97,24.01,20.22,27.36
660,REC3,47.58,34.42,34.64,30.08,30.97,24.01,20.22,27.36
661,REC3,47.54,34.28,34.38,30.05,30.93,24.0,20.2,27.34
662,REC3,47.54,34.28,34.38,30.07,30.93,24.0,20.2,27.34
776,L1,95.38,74.19,99.9,99.95,99.88,72.64,90.23,27.310000000000002
412,REC1-B,69.54,58.82,86.04,82.17,83.31,73.38,71.63,27.220000000000006
408,REC1-B,96.58,78.21,94.96,96.92,97.27,97.22,70.34,26.929999999999993
1188,PI,98.06,98.15,87.61,95.65,98.34,99.58,72.85,26.730000000000004
726,RuvC-II,33.46,32.41,31.18,30.48,37.03,32.76,57.18,26.7
641,REC3,53.05,74.65,78.13,55.55,51.68,76.14,54.01,26.449999999999996
864,HNH,91.8,91.39,91.5,88.95,85.14,66.45,92.68,26.230000000000004
768,L1,26.26,0.08,16.09,11.03,19.82,16.87,0.31,26.180000000000003
1155,PI,9.88,0.19,2.35,9.16,0.48,26.24,11.15,26.049999999999997
978,RuvC-III,38.89,50.98,42.37,25.19,45.18,37.55,24.95,26.029999999999998
977,RuvC-III,38.89,50.98,42.37,25.19,45.18,37.55,24.95,26.029999999999998
976,RuvC-III,38.89,50.98,42.37,25.19,45.18,37.55,24.95,26.029999999999998
1078,RuvC-III,32.68,43.8,56.58,58.68,43.46,39.23,50.37,26.0
765,L1,4.59,0.8,0.49,0.0,0.0,15.83,25.99,25.99
1344,PI,57.31,58.86,59.61,63.33,59.82,73.36,47.39,25.97
767,L1,26.07,0.16,14.61,10.98,19.73,16.34,0.31,25.91
1154,PI,10.34,0.49,2.66,9.54,0.69,26.25,13.13,25.76
642,REC3,52.59,74.05,77.19,55.19,51.47,75.35,52.56,25.72
942,RuvC-III,50.56,59.56,50.21,46.15,48.37,59.35,33.88,25.68
950,RuvC-III,50.56,59.56,50.2,46.15,48.34,59.35,33.88,25.68
1053,RuvC-III,21.93,23.61,20.3,40.99,21.99,27.22,15.34,25.650000000000002
1324,PI,92.78,90.42,91.75,85.43,97.67,92.79,72.22,25.450000000000003
1331,PI,92.78,90.42,91.75,85.43,97.67,92.79,72.22,25.450000000000003
1010,RuvC-III,7.02,29.96,4.52,19.51,7.89,16.88,4.59,25.44
640,REC3,56.69,76.46,80.36,58.84,54.92,78.75,59.79,25.439999999999998
698,REC3,26.07,15.04,22.61,37.44,40.27,17.7,37.12,25.230000000000004
1340,PI,40.12,29.79,40.28,27.12,33.39,25.8,50.99,25.19
652,REC3,77.96,79.84,79.81,62.33,63.94,75.82,54.71,25.130000000000003
711,REC3,86.3,96.85,94.68,74.54,80.5,87.47,99.44,24.89999999999999
228,REC2,51.81,51.37,54.42,43.24,49.67,56.32,68.12,24.880000000000003
530,REC3,99.41,98.18,99.2,99.17,98.46,98.79,74.53,24.879999999999995
579,REC3,99.36,97.79,98.94,98.64,97.79,98.39,74.53,24.83
854,HNH,46.92,54.4,36.25,43.53,54.5,43.34,29.7,24.8
853,HNH,46.92,54.4,36.25,43.53,54.5,43.34,29.7,24.8
852,HNH,46.92,54.4,36.25,43.53,54.5,43.34,29.7,24.8
1046,RuvC-III,84.33,86.52,69.1,71.69,77.33,93.77,80.3,24.67
1158,PI,99.09,97.86,97.44,98.32,99.36,99.14,74.8,24.560000000000002
1134,PI,88.11,87.63,98.23,75.06,84.2,92.42,97.8,23.17
764,RuvC-II,0.76,3.23,1.18,0.0,0.0,0.0,22.85,22.85
560,REC3,99.17,93.2,99.56,98.83,99.13,76.83,93.58,22.730000000000004
586,REC3,99.17,93.2,99.56,98.83,99.13,76.83,93.58,22.730000000000004
12,RuvC-I,18.94,27.18,31.56,26.3,22.68,13.63,36.32,22.689999999999998
766,L1,22.66,0.83,13.55,0.0,18.78,16.09,0.31,22.66
727,RuvC-II,0.0,5.07,1.39,0.01,0.0,2.83,22.64,22.64
1202,PI,61.72,51.78,49.93,40.86,51.05,39.17,54.02,22.549999999999997
791,HNH,65.74,74.52,75.66,76.0,74.57,86.31,87.98,22.24000000000001
970,RuvC-III,52.7,44.8,58.46,37.41,44.45,54.16,59.53,22.120000000000005
777,L1,94.38,78.07,99.99,99.41,99.8,80.95,91.07,21.92
265,REC2,0.02,0.14,21.55,0.07,0.0,0.0,0.0,21.55
269,REC2,0.27,0.25,21.58,0.87,0.29,0.15,0.27,21.43
1153,PI,9.18,0.38,2.4,9.25,0.39,21.72,8.55,21.34
1159,PI,99.76,99.17,98.92,99.5,99.6,99.78,78.74,21.040000000000006
1170,PI,51.32,49.32,55.81,45.33,44.53,39.52,60.42,20.9
668,REC3,88.19,92.5,86.1,88.63,88.55,88.55,71.73,20.769999999999996
1244,PI,0.0,0.0,10.27,0.01,20.39,19.19,1.33,20.39
919,RuvC-III,99.71,99.33,99.32,99.74,98.33,99.02,79.51,20.22999999999999
144,REC1-A,58.74,55.74,68.37,67.99,75.78,64.73,70.38,20.04
1169,PI,50.42,48.25,54.7,44.53,43.73,38.68,58.67,19.990000000000002
1168,PI,50.41,48.23,54.7,44.5,43.72,38.68,58.66,19.979999999999997
804,HNH,56.02,63.21,73.97,70.69,68.91,75.93,62.6,19.910000000000004
1185,PI,32.05,34.13,34.51,32.26,32.41,32.91,51.87,19.82
1341,PI,55.89,40.91,48.47,36.08,40.05,44.44,55.68,19.810000000000002
1243,PI,0.0,0.0,10.32,0.0,19.67,19.16,0.33,19.67
364,REC1-B,41.29,39.09,37.42,41.38,37.56,38.64,56.9,19.479999999999997
803,HNH,54.83,61.17,71.82,69.01,66.88,73.95,59.94,19.120000000000005
636,REC3,80.83,81.1,75.47,88.24,88.38,69.43,78.02,18.94999999999999
855,HNH,93.55,90.82,96.87,92.22,91.18,80.15,99.04,18.89
840,HNH,93.55,90.82,96.87,92.22,91.18,80.15,99.04,18.89
637,REC3,82.03,66.87,63.17,80.37,82.0,68.76,78.93,18.86
1242,PI,0.0,0.0,10.18,0.01,17.29,18.8,0.36,18.8
1285,PI,89.21,99.36,83.88,96.87,80.6,92.06,93.68,18.760000000000005
1286,PI,97.48,99.73,84.83,97.15,81.01,97.85,94.63,18.72
638,REC3,67.07,56.88,59.41,68.85,67.27,66.59,75.59,18.71
143,REC1-A,79.15,82.34,93.94,86.44,97.81,86.63,87.36,18.659999999999997
639,REC3,60.77,52.79,58.79,66.96,60.22,65.41,71.43,18.640000000000008
302,REC2,80.65,93.92,85.59,92.75,91.34,99.18,99.29,18.64
1245,PI,0.0,0.0,0.16,0.02,18.6,11.81,1.04,18.6
431,REC1-B,53.79,48.03,61.65,50.64,61.56,58.44,66.56,18.53
34,RuvC-I,22.27,21.01,35.53,22.07,17.08,30.47,28.12,18.450000000000003
312,REC1-B,4.26,0.02,17.78,17.01,11.0,7.18,18.38,18.36
311,REC1-B,2.34,0.02,17.78,17.01,11.0,7.18,18.38,18.36
1023,RuvC-III,0.0,0.0,0.0,0.56,0.05,0.53,18.07,18.07
949,RuvC-III,97.26,96.78,85.85,89.94,79.32,96.36,90.43,17.940000000000012
466,REC1-B,38.3,21.51,39.34,31.99,34.27,39.09,33.32,17.830000000000002
483,REC1-B,38.3,21.51,39.34,31.99,34.26,39.09,33.32,17.830000000000002
207,REC2,0.0,17.73,0.0,0.0,0.0,0.0,0.0,17.73
1199,PI,17.45,13.49,17.4,8.91,6.1,12.84,23.82,17.72
943,RuvC-III,97.26,96.78,85.86,89.94,79.58,96.36,90.43,17.680000000000007
206,REC2,0.0,17.57,0.0,0.0,0.0,0.0,0.0,17.57
310,REC1-B,2.37,1.04,17.78,17.0,11.0,8.44,18.36,17.32
365,REC1-B,23.57,24.05,23.29,23.75,19.85,23.64,37.07,17.22
1190,PI,0.27,0.06,12.73,2.44,1.09,0.05,17.15,17.099999999999998
669,REC3,16.47,26.82,17.48,20.78,15.76,22.96,9.99,16.83
1343,PI,67.95,76.74,81.44,80.86,76.95,84.65,70.15,16.700000000000003
948,RuvC-III,26.16,36.51,19.97,24.21,23.18,33.65,31.47,16.54
805,HNH,75.67,87.53,90.68,87.64,85.82,89.19,92.17,16.5
944,RuvC-III,26.16,36.44,19.96,24.07,23.48,33.5,31.71,16.479999999999997
901,HNH,66.18,63.81,63.53,57.96,51.54,67.99,62.36,16.449999999999996
1296,PI,95.5,84.51,85.98,95.29,94.97,86.62,79.12,16.379999999999995
205,REC2,7.44,23.04,9.34,13.3,8.56,6.7,7.54,16.34
1007,RuvC-III,97.02,99.21,83.06,88.66,95.09,97.45,85.64,16.14999999999999
832,HNH,69.49,72.05,74.45,75.43,77.17,61.16,65.42,16.010000000000005
275,REC2,99.69,99.77,84.08,99.96,99.7,99.66,99.87,15.879999999999995
355,REC1-B,0.0,0.0,15.74,0.0,0.0,0.0,7.96,15.74
356,REC1-B,0.0,0.0,15.74,0.0,0.0,0.0,7.96,15.74
354,REC1-B,0.0,0.0,15.74,0.0,0.0,0.0,7.96,15.74
344,REC1-B,81.35,81.65,82.03,82.12,82.91,81.18,67.17,15.739999999999995
831,HNH,69.1,71.66,74.07,75.05,76.76,61.03,62.85,15.730000000000004
1249,PI,84.69,94.19,98.38,89.46,82.66,94.08,94.81,15.719999999999999
555,REC3,7.8,14.75,10.8,23.51,16.11,20.08,15.5,15.71
830,HNH,68.96,71.44,73.97,74.92,76.61,60.99,62.6,15.619999999999997
1329,PI,89.12,77.95,77.48,91.0,92.14,76.58,90.37,15.560000000000002
1326,PI,89.12,77.95,77.48,91.0,92.14,76.58,90.37,15.560000000000002
1107,PI,4.84,19.47,5.03,15.84,16.7,13.47,3.98,15.489999999999998
1281,PI,75.17,70.21,74.46,76.39,74.05,60.98,64.85,15.410000000000004
62,BH,100.0,84.65,99.89,100.0,100.0,100.0,100.0,15.349999999999994
1005,RuvC-III,99.05,99.31,84.02,98.93,98.15,97.84,92.59,15.290000000000006
1261,PI,94.48,81.09,79.54,94.83,93.12,83.42,88.29,15.289999999999992
345,REC1-B,81.55,81.82,82.27,82.35,83.11,81.39,67.99,15.120000000000005
227,REC2,68.06,67.83,74.37,63.08,68.98,71.57,78.02,14.939999999999998
858,HNH,99.2,98.71,99.1,99.17,96.75,84.3,98.32,14.900000000000006
837,HNH,99.2,98.71,99.1,99.17,96.75,84.3,98.32,14.900000000000006
1135,PI,7.15,19.51,5.98,16.34,16.81,13.6,4.63,14.880000000000003
33,RuvC-I,94.72,86.09,82.05,89.82,93.64,92.02,96.56,14.510000000000005
42,RuvC-I,94.72,86.09,82.05,89.82,93.64,92.02,96.56,14.510000000000005
1052,RuvC-III,22.26,16.36,18.91,16.08,16.26,25.29,10.82,14.469999999999999
1246,PI,4.8,1.32,0.01,9.61,14.32,0.17,1.0,14.31
554,REC3,11.76,17.61,12.32,25.97,20.66,22.69,18.82,14.209999999999999
678,REC3,81.2,82.3,76.76,75.54,68.15,74.3,75.18,14.149999999999991
671,REC3,81.2,82.3,76.76,75.54,68.15,74.3,75.18,14.149999999999991
1006,RuvC-III,98.88,99.3,85.19,97.98,97.42,97.82,91.56,14.11
1056,RuvC-III,22.26,16.35,18.95,16.09,16.2,19.79,8.17,14.090000000000002
524,REC3,97.47,93.92,97.67,95.71,96.78,92.43,83.61,14.060000000000002
1088,RuvC-III,13.37,0.82,0.92,14.66,14.42,0.99,1.68,13.84
1108,PI,4.31,17.49,4.8,14.76,15.37,12.65,3.67,13.819999999999999
1109,PI,4.31,17.49,4.8,14.76,15.37,12.65,3.67,13.819999999999999
1250,PI,88.49,95.19,98.45,92.94,84.82,94.59,97.61,13.63000000000001
1149,PI,99.32,98.01,97.56,98.35,99.48,99.29,85.95,13.530000000000001
945,RuvC-III,2.26,14.28,0.77,3.42,3.84,11.78,2.87,13.51
716,REC3,16.98,14.43,15.95,8.36,9.74,3.53,8.7,13.450000000000001
839,HNH,97.69,96.64,97.33,93.21,94.89,85.97,99.28,13.310000000000002
856,HNH,97.69,96.64,97.33,93.21,94.89,85.97,99.28,13.310000000000002
946,RuvC-III,2.26,13.4,0.56,3.07,2.87,10.99,0.13,13.27
717,REC3,11.02,13.48,10.49,7.84,10.71,1.82,0.23,13.25
120,REC1-A,0.05,7.89,4.14,0.07,0.09,3.3,13.25,13.2
116,REC1-A,0.05,7.89,4.14,0.07,0.09,3.3,13.25,13.2
1187,PI,8.18,6.13,6.64,3.25,8.01,6.59,16.43,13.18
1251,PI,89.73,96.17,99.32,93.89,86.15,96.99,98.62,13.169999999999987
246,REC2,49.72,50.35,44.39,42.48,47.67,37.21,49.29,13.14
22,RuvC-I,58.44,48.44,45.35,54.31,52.06,53.56,56.17,13.089999999999996
436,REC1-B,34.86,31.03,37.27,32.03,38.88,39.68,44.11,13.079999999999998
761,RuvC-II,98.08,96.08,86.88,98.18,95.81,99.91,94.0,13.030000000000001
93,BH,47.59,47.52,47.08,45.94,47.89,46.02,58.95,13.010000000000005
947,RuvC-III,2.26,13.4,0.57,3.07,2.84,10.99,0.42,12.98
1365,PI,2.81,3.53,1.48,14.27,1.81,1.57,2.45,12.79
1315,PI,75.17,76.24,87.92,79.51,77.96,84.19,87.56,12.75
1241,PI,0.07,0.08,12.71,0.07,5.62,0.0,1.67,12.71
778,L1,93.29,87.28,99.97,99.36,99.94,99.86,91.34,12.689999999999998
838,HNH,98.27,97.03,97.29,96.36,95.07,86.43,99.05,12.61999999999999
857,HNH,98.27,97.03,97.29,96.36,95.07,86.43,99.05,12.61999999999999
1072,RuvC-III,98.87,97.56,97.48,93.75,89.09,86.34,95.01,12.530000000000001
1065,RuvC-III,98.87,97.56,97.48,93.75,89.09,86.34,95.01,12.530000000000001
102,REC1-A,87.56,75.78,77.8,88.23,87.74,80.73,82.68,12.450000000000003
92,BH,49.3,48.47,50.06,47.57,48.96,49.54,59.95,12.380000000000003
718,RuvC-II,9.98,12.39,9.63,5.68,8.18,0.49,0.04,12.350000000000001
1364,PI,53.06,61.43,54.21,65.36,53.11,60.37,53.01,12.350000000000001
1363,PI,53.06,61.43,54.19,65.35,53.1,60.36,53.01,12.339999999999996
710,REC3,87.21,99.54,98.46,90.14,88.11,93.23,99.47,12.330000000000013
704,REC3,98.7,99.72,97.35,94.65,98.66,97.81,87.54,12.179999999999993
728,RuvC-II,0.0,0.0,0.0,0.0,0.0,0.29,12.01,12.01
1073,RuvC-III,98.29,96.93,94.78,92.66,88.22,86.3,92.86,11.990000000000009
1313,PI,77.25,77.29,89.21,80.86,80.73,84.67,87.83,11.959999999999994
1016,RuvC-III,0.0,0.0,0.42,0.0,0.0,11.88,0.0,11.88
1314,PI,77.12,77.22,88.97,80.79,80.65,84.57,87.72,11.849999999999994
1252,PI,87.74,95.66,99.55,89.89,92.55,98.03,98.82,11.810000000000002
889,HNH,29.32,20.17,25.15,28.47,28.74,31.92,30.19,11.75
395,REC1-B,42.56,40.07,38.25,41.44,42.49,49.46,47.77,11.21
1131,PI,98.53,99.18,98.14,99.0,99.07,96.17,88.02,11.16000000000001
1129,PI,98.57,99.18,98.14,99.0,99.07,96.21,88.03,11.150000000000006
1130,PI,98.57,99.18,98.14,99.0,99.07,96.21,88.03,11.150000000000006
1128,PI,98.57,99.18,98.14,99.0,99.07,96.21,88.03,11.150000000000006
316,REC1-B,90.16,91.77,99.73,97.69,98.52,88.59,98.33,11.14
720,RuvC-II,97.13,98.27,99.16,97.64,98.79,98.17,88.17,10.989999999999995
1099,RuvC-III,98.49,97.87,98.06,91.24,97.69,98.46,87.5,10.989999999999995
1200,PI,98.49,97.87,98.06,91.24,97.69,98.46,87.5,10.989999999999995
1189,PI,0.01,0.06,10.91,1.25,0.76,0.05,2.92,10.9
481,REC1-B,93.14,90.13,87.33,92.81,93.58,91.07,82.7,10.879999999999995
60,BH,99.95,89.2,99.92,99.88,99.99,99.99,99.79,10.789999999999992
94,BH,16.6,19.19,17.81,15.78,19.83,16.98,26.53,10.750000000000002
1152,PI,4.5,0.36,1.38,5.18,0.41,11.01,4.54,10.65
313,REC1-B,0.03,0.68,0.01,0.05,0.0,0.06,10.64,10.64
61,BH,99.99,89.51,99.94,99.98,100.0,100.0,99.95,10.489999999999995
1262,PI,28.77,35.49,25.91,31.78,25.83,36.26,35.36,10.43
493,REC1-B,99.46,89.42,99.82,99.4,99.62,99.76,99.66,10.399999999999991
1265,PI,99.38,99.45,89.06,99.01,99.36,97.95,98.28,10.39
1338,PI,10.38,0.0,0.0,0.03,0.0,0.0,0.01,10.38
110,REC1-A,14.45,10.14,8.23,13.84,15.84,7.95,5.62,10.219999999999999
109,REC1-A,14.45,10.14,8.23,13.84,15.84,7.95,5.62,10.219999999999999
108,REC1-A,14.45,10.14,8.23,13.84,15.84,7.95,5.62,10.219999999999999
301,REC2,89.7,98.84,95.99,98.56,99.3,99.69,99.79,10.090000000000003
1297,PI,25.46,21.88,21.17,24.77,24.27,29.62,19.59,10.030000000000001
1137,PI,6.34,11.18,12.12,2.14,5.29,2.87,4.29,9.979999999999999
1106,PI,6.34,11.18,12.12,2.14,5.29,2.87,4.29,9.979999999999999
194,REC2,75.58,73.65,71.22,76.6,77.85,74.17,81.04,9.820000000000007
529,REC3,99.98,100.0,99.99,100.0,99.99,100.0,90.18,9.819999999999993
195,REC2,74.97,73.08,70.83,75.93,77.13,73.65,80.57,9.739999999999995
1362,PI,52.57,60.89,53.96,62.11,52.77,60.09,52.96,9.54
1063,RuvC-III,99.21,99.18,90.13,98.43,95.95,99.66,94.14,9.530000000000001
1075,RuvC-III,99.21,99.18,90.13,98.43,95.95,99.66,94.14,9.530000000000001
307,REC1-B,0.0,9.48,0.31,0.02,1.1,0.0,0.02,9.48
570,REC3,81.24,79.4,81.57,80.89,81.43,76.85,86.28,9.430000000000007
1111,PI,94.06,87.21,96.52,92.84,90.12,91.55,89.3,9.310000000000002
1264,PI,12.51,8.92,13.19,13.2,13.53,17.97,13.04,9.049999999999999
1067,RuvC-III,0.16,1.12,0.91,1.16,0.93,9.19,2.07,9.03
1068,RuvC-III,0.16,0.56,1.46,0.87,0.91,9.19,2.06,9.03
1045,RuvC-III,90.69,91.11,86.04,86.13,88.01,94.22,85.23,8.989999999999995
91,BH,70.89,68.69,70.58,69.4,70.63,70.97,77.64,8.950000000000003
1176,PI,72.62,68.91,67.51,74.07,72.17,75.26,76.42,8.909999999999997
406,REC1-B,98.21,95.84,95.6,98.21,98.21,97.71,89.32,8.89
845,HNH,7.19,5.02,11.97,6.94,9.47,6.39,3.12,8.850000000000001
846,HNH,7.19,5.02,11.97,6.94,9.47,6.39,3.12,8.850000000000001
844,HNH,7.19,5.02,11.97,6.94,9.47,6.39,3.12,8.850000000000001
405,REC1-B,98.08,95.59,95.47,97.94,98.05,97.6,89.23,8.849999999999994
580,REC3,99.02,98.26,97.65,97.9,98.24,98.52,90.18,8.83999999999999
427,REC1-B,18.89,18.7,23.74,17.07,21.37,18.66,25.87,8.8
1044,RuvC-III,91.99,92.39,88.0,92.64,89.33,94.36,85.62,8.739999999999995
709,REC3,92.96,99.99,99.7,96.77,91.29,97.65,99.14,8.699999999999989
492,REC1-B,99.92,91.31,99.96,99.98,99.94,99.92,99.91,8.670000000000002
573,REC3,41.91,35.91,41.01,39.51,40.9,33.96,42.53,8.57
346,REC1-B,84.31,84.14,85.57,84.28,84.94,83.69,77.15,8.419999999999987
407,REC1-B,99.67,97.68,98.06,99.87,99.89,99.85,91.54,8.349999999999994
1175,PI,79.9,75.73,73.38,80.2,79.47,81.56,80.37,8.180000000000007
608,REC3,66.82,69.5,65.83,71.89,64.2,65.89,72.15,7.950000000000003
751,RuvC-II,1.24,1.29,0.29,3.23,8.2,0.36,2.92,7.909999999999999
604,REC3,81.19,86.33,87.92,89.1,87.2,86.77,88.43,7.909999999999997
308,REC1-B,0.0,7.84,0.0,0.0,1.07,0.0,0.0,7.84
571,REC3,49.14,42.82,46.77,44.94,47.34,41.52,49.23,7.709999999999994
572,REC3,48.67,42.12,46.21,44.6,47.01,41.13,48.83,7.699999999999996
1077,RuvC-III,6.04,5.7,4.58,2.35,2.7,10.02,8.58,7.67
1076,RuvC-III,6.04,5.7,4.58,2.35,2.67,10.02,8.56,7.67
233,REC2,0.0,0.0,0.0,0.0,0.0,0.0,7.63,7.63
480,REC1-B,98.42,97.0,91.85,98.17,98.77,96.26,91.18,7.589999999999989
478,REC1-B,98.41,96.96,91.57,98.15,98.75,96.23,91.18,7.569999999999993
479,REC1-B,98.42,97.0,91.87,98.18,98.77,96.29,91.21,7.560000000000002
203,REC2,7.44,5.78,9.34,13.3,8.56,6.7,7.54,7.5200000000000005
204,REC2,7.44,5.8,9.34,13.3,8.56,6.7,7.54,7.500000000000001
1167,PI,99.01,99.41,99.6,92.46,99.53,99.31,99.15,7.140000000000001
1139,PI,99.01,99.41,99.6,92.46,99.53,99.31,99.15,7.140000000000001
1140,PI,98.79,99.25,99.36,92.33,99.34,99.25,98.93,7.030000000000001
426,REC1-B,89.6,86.43,84.31,88.91,89.25,82.6,88.56,7.0
707,REC3,99.85,100.0,99.89,93.08,99.09,99.98,99.72,6.920000000000002
706,REC3,99.99,100.0,99.97,93.13,99.91,99.99,99.84,6.8700000000000045
601,REC3,88.72,95.53,95.32,93.52,95.2,92.35,95.48,6.810000000000002
1342,PI,84.87,83.04,87.2,85.55,86.08,86.62,89.83,6.789999999999992
1256,PI,96.98,98.55,99.85,99.33,93.29,99.93,99.68,6.640000000000001
475,REC1-B,7.47,11.71,6.21,7.11,6.21,5.09,7.93,6.620000000000001
476,REC1-B,7.47,11.71,6.21,7.11,6.21,5.09,7.93,6.620000000000001
725,RuvC-II,87.52,88.5,94.08,91.53,91.82,93.89,89.68,6.560000000000002
605,REC3,91.21,95.81,96.42,96.6,95.09,95.81,97.64,6.430000000000007
103,REC1-A,20.29,14.02,18.54,18.69,15.06,15.93,15.42,6.27
1148,PI,99.98,99.93,99.97,99.94,100.0,100.0,93.74,6.260000000000005
451,REC1-B,6.72,1.92,1.72,0.58,1.07,1.1,0.88,6.14
452,REC1-B,6.72,1.92,1.72,0.58,1.07,1.1,0.88,6.14
450,REC1-B,6.72,1.92,1.72,0.58,1.07,1.1,0.88,6.14
1126,PI,6.19,5.71,8.22,5.53,4.75,5.78,2.12,6.1000000000000005
425,REC1-B,92.08,90.28,87.27,93.32,92.58,90.6,92.06,6.049999999999997
15,RuvC-I,92.83,98.58,98.85,98.19,97.05,97.45,95.74,6.019999999999996
477,REC1-B,7.58,12.18,10.8,7.26,6.24,7.16,11.0,5.9399999999999995
88,BH,96.18,98.08,93.37,95.8,97.43,92.16,97.86,5.920000000000002
268,REC2,1.07,0.05,5.95,0.73,0.25,0.07,0.15,5.9
552,REC3,94.98,90.04,91.82,95.93,94.74,91.85,93.06,5.890000000000001
87,BH,96.17,98.03,93.42,95.78,97.45,92.15,97.8,5.8799999999999955
794,HNH,5.86,0.01,0.01,0.0,0.02,0.02,0.01,5.86
708,REC3,96.15,99.92,99.91,98.93,94.1,99.64,99.48,5.820000000000007
352,REC1-B,11.61,11.32,12.55,11.23,12.27,12.09,17.02,5.789999999999999
1069,RuvC-III,0.41,6.18,1.71,0.86,1.9,1.54,2.69,5.77
1255,PI,98.18,99.64,99.95,99.69,94.28,99.98,99.9,5.700000000000003
234,REC2,0.0,0.0,0.0,0.0,0.0,0.0,5.67,5.67
411,REC1-B,99.56,98.28,99.97,99.97,100.0,99.96,94.35,5.650000000000006
167,REC1-A,99.56,98.28,99.97,99.97,100.0,99.96,94.35,5.650000000000006
213,REC2,19.52,23.64,22.61,22.71,23.36,19.47,25.11,5.640000000000001
1214,PI,94.35,99.91,99.72,99.66,99.65,99.75,97.16,5.560000000000002
798,HNH,93.29,98.28,98.82,97.64,97.53,96.59,98.69,5.529999999999987
719,RuvC-II,2.15,1.83,5.55,1.34,3.21,0.07,1.8,5.4799999999999995
1123,PI,6.07,5.71,7.55,5.45,4.36,5.37,2.08,5.47
281,REC2,93.28,90.07,95.42,91.13,90.89,92.84,94.73,5.3500000000000085
286,REC2,93.64,92.51,97.79,94.16,93.74,93.7,92.78,5.280000000000001
1211,PI,98.94,99.24,99.1,99.8,94.65,99.52,99.9,5.25
1164,PI,93.96,98.74,97.82,98.34,98.57,99.01,96.85,5.050000000000011
1337,PI,0.8,0.01,0.84,2.94,0.18,0.75,5.0,4.99
1196,PI,66.44,64.43,69.33,66.5,69.41,65.32,68.62,4.97999999999999
847,HNH,3.47,2.21,0.46,0.84,2.71,5.37,2.02,4.91
1165,PI,94.11,98.67,97.82,98.32,98.59,99.02,96.82,4.909999999999997
1194,PI,82.2,83.44,80.86,80.07,81.2,81.8,78.55,4.890000000000001
1193,PI,82.2,83.44,80.86,80.07,81.2,81.8,78.55,4.890000000000001
1192,PI,82.2,83.44,80.86,80.07,81.2,81.8,78.55,4.890000000000001
235,REC2,0.0,0.0,0.0,0.0,0.0,0.0,4.85,4.85
1064,RuvC-III,99.26,99.14,96.97,98.4,94.43,97.0,97.45,4.829999999999998
1074,RuvC-III,99.26,99.14,96.97,98.4,94.43,97.0,97.45,4.829999999999998
685,REC3,3.08,1.18,1.66,1.57,2.45,2.03,6.0,4.82
382,REC1-B,86.97,85.2,84.57,86.28,86.37,85.41,89.33,4.760000000000005
780,L1,95.65,99.45,100.0,100.0,100.0,100.0,95.35,4.650000000000006
612,REC3,73.08,68.48,70.0,69.37,72.83,70.18,71.59,4.599999999999994
703,REC3,0.8,0.73,2.15,5.15,2.12,0.57,1.72,4.58
266,REC2,1.03,0.0,4.57,0.0,0.0,0.0,0.0,4.57
267,REC2,1.03,0.0,4.55,0.03,0.02,0.0,0.08,4.55
89,BH,97.27,98.5,94.82,97.05,98.1,94.02,98.49,4.480000000000004
245,REC2,96.23,96.84,92.38,94.41,96.08,93.06,93.46,4.460000000000008
684,REC3,91.38,95.45,93.64,95.77,94.04,93.29,94.49,4.390000000000001
611,REC3,70.12,65.83,67.08,67.07,68.95,67.13,68.29,4.290000000000006
474,REC1-B,0.09,0.31,4.31,0.12,0.02,1.89,1.6,4.29
280,REC2,94.8,91.71,95.79,92.9,92.56,94.6,95.92,4.210000000000008
610,REC3,69.84,65.65,66.88,66.89,68.77,66.79,68.02,4.189999999999998
1263,PI,7.5,5.92,5.16,8.66,7.01,9.29,5.18,4.129999999999999
606,REC3,93.93,96.51,96.88,97.36,96.31,96.56,98.06,4.1299999999999955
387,REC1-B,98.28,98.19,97.34,95.76,98.2,98.42,94.36,4.060000000000002
607,REC3,92.57,95.0,94.83,96.3,94.56,94.83,96.6,4.030000000000001
1195,PI,6.53,3.26,4.08,6.94,2.94,3.67,4.33,4.0
1280,PI,95.59,97.96,94.97,96.46,93.98,95.91,95.39,3.9799999999999898
1133,PI,97.28,96.57,98.0,98.12,95.93,94.19,97.96,3.930000000000007
1184,PI,90.11,90.48,90.65,90.82,90.6,90.05,93.91,3.8599999999999994
1254,PI,98.17,99.67,99.92,99.64,96.11,99.85,99.97,3.8599999999999994
428,REC1-B,14.13,13.84,14.81,12.44,13.01,12.99,16.28,3.8400000000000016
287,REC2,95.96,94.53,98.33,96.57,96.31,96.16,96.07,3.799999999999997
181,REC2,95.89,99.55,99.55,99.43,99.53,99.67,99.28,3.780000000000001
232,REC2,0.0,0.0,0.0,0.0,0.0,0.0,3.73,3.73
491,REC1-B,99.32,96.26,99.97,99.98,99.95,99.9,99.94,3.719999999999999
1117,PI,0.34,0.89,0.0,1.44,3.7,0.0,0.0,3.7
1118,PI,0.34,0.89,0.0,1.44,3.7,0.0,0.0,3.7
1116,PI,0.34,0.89,0.0,1.44,3.7,0.0,0.0,3.7
705,REC3,99.92,99.96,99.61,96.29,99.88,99.97,99.32,3.6799999999999926
797,HNH,95.84,99.51,99.51,98.92,98.84,99.24,99.46,3.6700000000000017
105,REC1-A,3.57,3.33,2.92,5.33,3.57,1.98,1.69,3.64
104,REC1-A,3.58,3.33,2.94,5.33,3.57,1.98,1.7,3.63
142,REC1-A,95.51,96.48,99.12,95.59,99.04,97.65,97.89,3.6099999999999994
16,RuvC-I,96.43,99.94,100.0,99.99,100.0,99.98,99.99,3.569999999999993
363,REC1-B,91.53,95.1,94.3,92.31,93.41,91.99,93.09,3.569999999999993
1253,PI,98.62,99.67,99.92,99.52,96.36,99.31,99.88,3.5600000000000023
779,L1,98.44,99.28,99.99,100.0,99.97,100.0,96.48,3.519999999999996
614,REC3,97.93,95.58,94.46,94.87,95.53,96.01,96.22,3.470000000000013
980,RuvC-III,0.13,0.08,0.07,0.0,0.03,3.43,0.0,3.43
613,REC3,98.01,95.62,94.59,94.96,95.72,96.17,96.25,3.4200000000000017
1239,PI,99.94,99.97,98.61,99.87,96.58,98.16,98.87,3.3900000000000006
796,HNH,96.26,99.51,99.51,98.92,98.85,99.24,99.46,3.25
429,REC1-B,12.73,13.4,14.1,11.51,12.44,11.73,14.76,3.25
795,HNH,96.26,99.5,99.5,98.91,98.84,99.24,99.46,3.239999999999995
1094,RuvC-III,99.54,98.01,98.79,99.69,99.6,96.66,99.82,3.1599999999999966
1093,RuvC-III,99.82,98.12,98.87,99.76,99.72,96.79,99.91,3.1199999999999903
635,REC3,97.41,97.23,97.37,99.24,98.93,96.14,98.6,3.0999999999999943
509,REC3,96.78,99.68,99.82,96.91,99.35,99.58,99.82,3.039999999999992
659,REC3,96.78,99.68,99.82,96.91,99.35,99.58,99.82,3.039999999999992
424,REC1-B,95.71,98.74,97.74,98.22,98.16,98.18,97.96,3.030000000000001
317,REC1-B,98.42,96.7,99.73,98.04,98.82,98.91,99.14,3.030000000000001
724,RuvC-II,99.73,96.84,99.57,99.68,99.81,99.53,99.7,2.969999999999999
445,REC1-B,99.32,96.36,99.18,98.16,99.06,98.87,96.66,2.9599999999999937
262,REC2,0.0,0.0,2.9,0.0,0.0,0.0,0.48,2.9
551,REC3,99.66,96.8,98.88,98.9,99.1,98.79,97.57,2.8599999999999994
836,HNH,0.0,0.0,0.0,0.0,0.0,2.81,0.0,2.81
1257,PI,98.06,97.09,99.89,99.62,98.65,99.68,99.74,2.799999999999997
1221,PI,96.74,99.52,99.35,98.91,98.96,99.45,99.29,2.780000000000001
32,RuvC-I,96.86,96.13,97.23,97.67,96.86,97.91,98.86,2.730000000000004
43,RuvC-I,96.86,96.13,97.23,97.67,96.86,97.91,98.86,2.730000000000004
435,REC1-B,88.02,89.28,86.6,89.32,88.33,88.51,88.79,2.719999999999999
592,REC3,98.72,98.84,99.16,96.46,97.36,97.62,98.12,2.700000000000003
231,REC2,0.0,0.0,0.0,0.0,0.0,0.0,2.7,2.7
130,REC1-A,94.25,95.52,96.56,94.33,94.03,96.51,96.68,2.6500000000000057
816,HNH,93.29,93.82,93.6,94.19,93.83,93.53,95.94,2.6499999999999915
1311,PI,97.97,98.94,97.67,98.31,96.65,99.29,98.53,2.6400000000000006
131,REC1-A,94.24,95.49,96.51,94.31,94.03,96.48,96.65,2.6200000000000045
86,BH,91.36,92.47,91.53,91.02,91.1,90.61,93.19,2.5799999999999983
556,REC3,0.0,0.0,0.0,0.0,2.54,0.0,0.99,2.54
672,REC3,1.67,1.3,1.22,1.3,1.66,1.76,3.76,2.54
677,REC3,1.67,1.3,1.22,1.3,1.65,1.76,3.76,2.54
906,L2,0.07,0.37,0.25,0.38,0.7,0.82,2.59,2.52
1310,PI,98.82,99.69,98.35,99.23,97.33,99.84,99.81,2.510000000000005
490,REC1-B,99.65,97.51,100.0,100.0,99.99,99.99,99.98,2.489999999999995
927,RuvC-III,97.35,99.65,99.83,99.52,99.13,99.4,99.71,2.480000000000004
559,REC3,2.02,1.09,2.32,1.55,3.49,1.87,2.49,2.4000000000000004
587,REC3,2.02,1.09,2.32,1.56,3.49,1.87,2.49,2.4000000000000004
196,REC2,0.3,0.37,0.48,0.23,0.38,0.34,2.62,2.39
212,REC2,91.41,92.05,92.45,92.57,90.86,90.92,90.2,2.3699999999999903
817,HNH,3.42,1.98,1.33,1.19,1.08,1.51,1.35,2.34
654,REC3,2.29,0.06,0.0,0.43,0.07,0.06,0.01,2.29
499,REC3,1.75,2.68,4.04,3.72,4.04,3.52,3.81,2.29
1119,PI,2.31,0.05,0.97,0.5,0.12,0.14,0.72,2.2600000000000002
381,REC1-B,92.49,91.74,91.74,92.22,92.06,91.75,93.98,2.240000000000009
689,REC3,0.91,2.48,0.24,0.33,0.46,0.61,1.14,2.24
938,RuvC-III,95.15,93.84,94.65,94.51,94.45,95.16,96.05,2.2099999999999937
1295,PI,98.7,98.15,96.99,98.6,98.86,96.72,97.74,2.1400000000000006
629,REC3,99.41,99.3,99.7,99.2,97.57,99.28,99.23,2.1300000000000097
1160,PI,99.79,99.8,99.75,99.63,99.33,99.81,97.69,2.1200000000000045
664,REC3,98.39,97.19,98.84,97.93,99.07,99.23,99.02,2.0400000000000063
502,REC3,1.74,2.15,3.77,3.07,3.76,3.11,3.52,2.0300000000000002
1136,PI,0.18,2.17,0.8,0.48,1.1,0.76,0.2,1.99
505,REC3,1.74,2.52,3.36,3.45,3.71,3.35,3.07,1.97
163,REC1-A,99.18,99.47,97.82,99.48,99.24,99.77,99.47,1.9500000000000028
423,REC1-B,98.04,99.93,99.93,99.89,99.72,99.97,99.77,1.9299999999999926
656,REC3,0.0,0.0,0.0,1.91,0.0,0.0,0.0,1.91
208,REC2,95.95,96.65,94.89,95.69,95.94,96.8,95.56,1.9099999999999966
1259,PI,98.1,99.31,99.93,99.36,99.71,99.86,99.95,1.8500000000000085
90,BH,98.92,99.52,97.95,98.73,99.28,97.67,99.42,1.8499999999999943
1367,PI,0.01,0.07,0.42,0.09,0.09,0.0,1.82,1.82
939,RuvC-III,95.08,93.76,94.63,94.44,94.36,95.13,95.56,1.7999999999999972
735,RuvC-II,99.54,100.0,99.96,98.21,99.94,100.0,100.0,1.7900000000000063
959,RuvC-III,0.0,0.07,0.14,0.15,1.78,0.04,0.0,1.78
888,HNH,99.22,98.26,97.45,98.45,98.35,98.22,98.47,1.769999999999996
1096,RuvC-III,98.89,99.4,99.95,99.88,98.22,99.86,99.73,1.730000000000004
686,REC3,0.0,1.72,0.0,0.0,0.0,0.0,0.34,1.72
1146,PI,99.19,99.76,99.67,99.47,99.35,99.73,98.06,1.7000000000000028
1161,PI,99.19,99.76,99.66,99.47,99.35,99.73,98.06,1.7000000000000028
504,REC3,1.73,2.0,3.09,2.81,3.43,2.94,2.95,1.7000000000000002
503,REC3,1.73,2.0,3.09,2.82,3.43,2.94,3.11,1.7000000000000002
178,REC2,1.92,0.59,0.22,0.41,0.81,1.11,0.53,1.7
1334,PI,0.0,0.0,0.01,1.65,0.08,0.0,0.0,1.65
1322,PI,0.0,0.0,0.01,1.65,0.08,0.0,0.0,1.65
937,RuvC-III,98.16,96.93,98.35,98.58,98.25,97.83,98.53,1.6499999999999915
1260,PI,98.2,99.4,99.85,99.28,98.83,99.82,99.82,1.6499999999999915
1205,PI,99.99,99.99,99.92,100.0,98.41,99.98,99.99,1.5900000000000034
1299,PI,3.14,1.96,1.63,3.22,2.61,2.4,2.16,1.5900000000000003
237,REC2,99.87,99.9,98.35,99.93,99.91,99.93,99.02,1.5800000000000125
790,HNH,98.78,98.78,97.51,98.34,98.23,99.01,99.08,1.5699999999999932
1298,PI,3.15,1.97,1.68,3.23,2.63,2.41,2.27,1.55
787,HNH,98.45,99.99,99.96,99.95,99.99,99.99,100.0,1.5499999999999972
101,REC1-A,98.2,96.95,97.69,97.3,97.72,98.5,98.19,1.5499999999999972
283,REC2,0.13,0.09,1.54,0.08,0.04,0.02,1.34,1.52
238,REC2,99.9,99.9,98.43,99.94,99.92,99.93,99.87,1.509999999999991
1333,PI,0.0,0.0,0.0,1.5,0.08,0.0,0.0,1.5
1332,PI,0.09,0.0,0.0,1.5,0.08,0.0,0.05,1.5
1323,PI,0.09,0.0,0.0,1.5,0.08,0.0,0.05,1.5
910,L2,99.89,99.94,99.79,99.87,98.45,98.44,99.93,1.5
434,REC1-B,95.87,95.52,96.39,95.98,96.99,96.4,96.17,1.4699999999999989
135,REC1-A,99.56,99.62,98.36,99.77,99.78,99.17,98.47,1.4200000000000017
366,REC1-B,0.01,0.01,0.0,0.02,0.03,0.0,1.41,1.41
1147,PI,99.79,99.8,99.79,99.63,99.33,99.81,98.4,1.4099999999999966
911,L2,99.95,99.95,99.95,99.89,98.64,98.54,99.94,1.4099999999999966
257,REC2,0.0,0.0,0.1,0.0,0.0,0.0,1.35,1.35
171,REC1-A,0.03,0.03,1.33,0.31,0.24,0.07,0.18,1.3
259,REC2,0.0,0.0,0.06,0.0,0.0,0.0,1.29,1.29
193,REC2,98.48,98.17,97.53,98.41,98.52,98.23,98.81,1.2800000000000011
270,REC2,0.74,0.54,0.08,1.36,0.87,0.6,1.23,1.28
260,REC2,0.0,0.0,0.28,0.0,0.0,0.0,1.28,1.28
569,REC3,97.87,98.58,98.11,98.46,98.45,99.14,98.69,1.269999999999996
553,REC3,98.97,98.2,99.17,99.19,99.26,99.35,98.11,1.2399999999999949
258,REC2,0.0,0.0,0.14,0.0,0.0,0.0,1.18,1.18
1366,PI,0.1,0.09,0.38,0.03,0.08,0.03,1.21,1.18
789,HNH,99.24,98.96,98.09,98.5,98.53,99.27,99.24,1.1799999999999926
940,RuvC-III,0.0,0.0,0.14,0.0,0.23,0.0,1.16,1.16
1258,PI,98.8,99.23,99.96,99.64,99.58,99.87,99.96,1.1599999999999966
1095,RuvC-III,98.73,99.84,99.88,99.85,99.79,99.74,99.8,1.1499999999999915
261,REC2,0.0,0.0,1.11,0.0,0.0,0.0,0.92,1.11
683,REC3,98.28,99.02,98.92,99.39,99.09,98.73,98.98,1.1099999999999994
1171,PI,99.24,99.08,99.13,98.3,98.43,99.41,98.61,1.1099999999999994
460,REC1-B,0.06,0.02,0.11,1.09,0.11,0.0,0.01,1.09
463,REC1-B,0.06,0.02,0.11,1.07,0.11,0.0,0.01,1.07
309,REC1-B,0.0,0.14,0.0,0.0,1.07,0.0,0.0,1.07
31,RuvC-I,99.45,99.04,98.74,99.39,99.8,99.09,99.56,1.0600000000000023
1293,PI,100.0,100.0,98.94,100.0,100.0,99.98,99.95,1.0600000000000023
44,RuvC-I,99.45,99.04,98.74,99.39,99.8,99.09,99.56,1.0600000000000023
276,REC2,100.0,100.0,98.94,99.98,99.93,100.0,100.0,1.0600000000000023
277,REC2,100.0,100.0,98.95,99.97,99.9,100.0,100.0,1.0499999999999972
513,REC3,99.92,99.9,99.63,99.7,99.38,99.86,98.87,1.0499999999999972
878,HNH,99.62,98.67,99.56,99.52,99.46,99.59,99.72,1.0499999999999972
394,REC1-B,97.54,97.38,97.52,97.43,97.53,98.24,98.41,1.0300000000000011
1070,RuvC-III,0.22,0.14,0.77,0.0,0.9,0.24,1.02,1.02
912,L2,100.0,100.0,100.0,99.99,99.15,98.99,99.98,1.0100000000000051
971,RuvC-III,0.55,0.55,1.17,0.19,0.73,0.39,0.88,0.98
793,HNH,0.97,0.0,0.0,0.0,0.0,0.0,0.0,0.97
482,REC1-B,99.35,99.47,99.56,99.51,99.5,99.7,98.73,0.9699999999999989
467,REC1-B,99.35,99.47,99.56,99.51,99.5,99.7,98.73,0.9699999999999989
1079,RuvC-III,99.39,99.35,98.71,99.35,99.61,99.57,99.66,0.9500000000000028
968,RuvC-III,99.8,99.77,99.46,99.03,99.96,99.89,99.78,0.9299999999999926
969,RuvC-III,99.75,99.6,99.27,98.91,99.83,99.79,99.62,0.9200000000000017
122,REC1-A,99.42,99.3,98.76,99.43,99.58,99.68,99.65,0.9200000000000017
879,HNH,99.48,98.58,99.4,99.4,99.33,99.5,99.5,0.9200000000000017
359,REC1-B,99.31,99.65,99.72,98.93,99.24,99.63,99.85,0.9199999999999875
1312,PI,98.35,98.8,99.02,98.76,98.38,99.26,99.26,0.9100000000000108
1325,PI,99.57,99.7,98.85,99.39,99.59,99.73,99.21,0.8800000000000097
1330,PI,99.57,99.7,98.85,99.39,99.59,99.73,99.21,0.8800000000000097
360,REC1-B,99.44,99.78,99.76,99.02,99.26,99.71,99.89,0.8700000000000045
643,REC3,0.0,0.03,0.01,0.02,0.03,0.0,0.82,0.82
1292,PI,100.0,100.0,99.19,100.0,100.0,99.98,99.95,0.8100000000000023
97,REC1-A,99.07,99.61,99.72,99.64,99.87,99.77,99.56,0.8000000000000114
1217,PI,0.0,0.0,0.0,0.07,0.69,0.0,0.8,0.8
176,REC1-A,0.0,0.15,0.22,0.07,0.8,0.0,0.53,0.8
1218,PI,0.0,0.0,0.0,0.07,0.69,0.0,0.8,0.8
1162,PI,99.33,99.87,99.82,99.67,99.83,99.85,99.08,0.7900000000000063
1230,PI,99.06,99.51,99.85,99.28,99.61,99.67,99.66,0.789999999999992
177,REC2,0.03,0.15,0.22,0.07,0.8,0.11,0.53,0.77
1145,PI,99.39,99.87,99.84,99.67,99.83,99.85,99.11,0.7600000000000051
98,REC1-A,99.16,99.63,99.74,99.73,99.92,99.82,99.67,0.7600000000000051
413,REC1-B,99.92,99.2,99.85,99.95,99.84,99.71,99.5,0.75
917,L2,100.0,100.0,99.92,100.0,99.27,99.97,100.0,0.730000000000004
558,REC3,0.07,0.08,0.05,0.74,0.28,0.01,0.08,0.73
588,REC3,0.07,0.08,0.05,0.74,0.28,0.01,0.08,0.73
589,REC3,0.07,0.08,0.05,0.74,0.28,0.01,0.08,0.73
590,REC3,0.07,0.08,0.05,0.74,0.28,0.01,0.08,0.73
645,REC3,99.69,99.73,99.64,99.51,99.69,99.78,99.06,0.7199999999999989
962,RuvC-III,99.59,99.42,99.71,99.26,99.63,99.93,99.98,0.7199999999999989
644,REC3,0.0,0.0,0.0,0.0,0.0,0.0,0.71,0.71
134,REC1-A,0.0,0.0,0.71,0.0,0.0,0.0,0.0,0.71
731,RuvC-II,99.88,99.97,99.64,99.27,99.69,99.84,99.84,0.7000000000000028
916,L2,100.0,100.0,99.79,100.0,99.3,99.98,100.0,0.7000000000000028
1282,PI,0.03,0.0,0.0,0.0,0.0,0.7,0.07,0.7
732,RuvC-II,99.9,99.99,99.85,99.29,99.78,99.91,99.85,0.6999999999999886
900,HNH,99.17,99.86,99.71,99.78,99.79,99.79,99.71,0.6899999999999977
736,RuvC-II,99.78,100.0,99.96,99.32,99.94,100.0,100.0,0.6800000000000068
593,REC3,99.75,99.61,99.83,99.68,99.2,99.48,99.88,0.6799999999999926
687,REC3,0.91,0.76,0.24,0.33,0.46,0.61,0.81,0.67
688,REC3,0.91,0.76,0.24,0.33,0.46,0.61,0.8,0.67
1125,PI,0.12,0.0,0.67,0.08,0.39,0.41,0.04,0.67
1124,PI,0.12,0.0,0.67,0.08,0.39,0.41,0.04,0.67
877,HNH,99.73,99.15,99.72,99.72,99.68,99.74,99.82,0.6699999999999875
52,RuvC-I,99.32,99.97,99.98,99.98,99.92,99.96,99.91,0.6600000000000108
362,REC1-B,99.55,99.81,99.8,99.27,99.39,99.8,99.92,0.6500000000000057
361,REC1-B,99.55,99.81,99.8,99.27,99.39,99.8,99.92,0.6500000000000057
1361,PI,99.82,99.83,99.84,99.87,99.85,99.88,99.23,0.6499999999999915
792,HNH,0.63,0.0,0.0,0.01,0.01,0.01,0.05,0.63
236,REC2,0.0,0.0,0.04,0.0,0.0,0.0,0.63,0.63
51,RuvC-I,99.38,99.99,100.0,99.99,99.98,99.96,100.0,0.6200000000000045
1287,PI,99.83,100.0,99.77,99.86,99.4,99.92,99.88,0.5999999999999943
432,REC1-B,96.47,96.7,96.52,96.7,96.68,96.66,97.06,0.5900000000000034
999,RuvC-III,99.83,99.79,99.76,99.34,99.83,99.93,99.82,0.5900000000000034
568,REC3,99.3,99.35,99.01,99.27,99.6,99.5,99.35,0.5899999999999892
342,REC1-B,97.81,97.71,97.69,97.99,98.18,97.94,97.6,0.5800000000000125
851,HNH,0.0,0.0,0.0,0.0,0.0,0.58,0.0,0.58
750,RuvC-II,99.13,99.46,99.2,99.18,98.98,99.52,99.56,0.5799999999999983
733,RuvC-II,100.0,100.0,99.97,99.44,99.99,100.0,99.99,0.5600000000000023
680,REC3,99.87,99.72,99.92,99.9,99.88,99.9,99.36,0.5600000000000023
1279,PI,99.12,99.49,99.66,99.1,99.23,99.32,99.32,0.5600000000000023
1278,PI,99.19,99.51,99.67,99.13,99.35,99.53,99.36,0.5400000000000063
679,REC3,99.82,99.63,99.86,99.83,99.85,99.83,99.32,0.5400000000000063
2,RuvC-I,0.54,0.01,0.0,0.0,0.0,0.06,0.0,0.54
755,RuvC-II,0.54,0.01,0.0,0.0,0.0,0.0,0.0,0.54
786,HNH,99.46,99.95,99.96,99.91,99.98,99.98,99.98,0.5200000000000102
1000,RuvC-III,99.74,99.78,99.73,99.3,99.8,99.82,99.8,0.519999999999996
913,L2,100.0,100.0,100.0,100.0,99.72,99.49,99.98,0.5100000000000051
721,RuvC-II,99.95,99.44,99.84,99.79,99.86,99.88,99.68,0.5100000000000051
634,REC3,99.92,99.77,99.61,99.93,99.86,99.42,99.76,0.5100000000000051
693,REC3,99.52,99.48,99.71,99.53,99.21,99.72,99.39,0.5100000000000051
1191,PI,0.05,0.05,0.46,0.54,0.07,0.04,0.19,0.5
11,RuvC-I,99.98,99.95,99.81,99.51,99.73,99.61,99.87,0.46999999999999886
630,REC3,99.76,99.89,99.84,99.84,99.47,99.73,99.93,0.46000000000000796
694,REC3,99.59,99.56,99.75,99.63,99.29,99.73,99.44,0.45999999999999375
1163,PI,99.48,99.93,99.83,99.87,99.84,99.93,99.86,0.45000000000000284
500,REC3,0.0,0.01,0.0,0.0,0.0,0.0,0.45,0.45
170,REC1-A,0.0,0.0,0.0,0.45,0.02,0.0,0.04,0.45
438,REC1-B,99.72,99.33,99.29,99.41,99.7,99.6,99.73,0.4399999999999977
437,REC1-B,99.71,99.32,99.28,99.39,99.69,99.6,99.72,0.4399999999999977
955,RuvC-III,99.45,99.85,99.88,99.6,99.89,99.81,99.77,0.4399999999999977
279,REC2,99.61,99.63,99.75,99.41,99.47,99.73,99.84,0.4300000000000068
1179,PI,99.58,99.73,99.47,99.55,99.52,99.31,99.74,0.4299999999999926
1178,PI,98.51,98.46,98.44,98.53,98.45,98.28,98.7,0.4200000000000017
40,RuvC-I,0.0,0.0,0.0,0.0,0.0,0.0,0.42,0.42
963,RuvC-III,99.65,99.57,99.95,99.59,99.85,99.97,99.98,0.4100000000000108
599,REC3,99.58,99.58,99.67,99.38,99.74,99.64,99.79,0.4100000000000108
600,REC3,99.55,99.58,99.67,99.36,99.74,99.63,99.77,0.4099999999999966
967,RuvC-III,100.0,99.93,99.6,99.67,99.98,100.0,100.0,0.4000000000000057
341,REC1-B,99.16,99.22,99.22,99.36,99.3,99.3,99.56,0.4000000000000057
1166,PI,99.76,99.84,99.76,99.52,99.79,99.92,99.76,0.4000000000000057
209,REC2,99.93,99.81,99.54,99.94,99.86,99.91,99.87,0.3999999999999915
388,REC1-B,98.43,98.35,98.39,98.29,98.25,98.48,98.64,0.39000000000000057
211,REC2,99.78,99.7,99.39,99.76,99.64,99.78,99.72,0.39000000000000057
39,RuvC-I,0.0,0.0,0.0,0.0,0.0,0.0,0.38,0.38
38,RuvC-I,0.0,0.0,0.0,0.01,0.0,0.0,0.38,0.38
954,RuvC-III,99.65,99.48,99.85,99.66,99.62,99.78,99.71,0.36999999999999034
1141,PI,99.82,99.85,99.81,99.56,99.81,99.92,99.79,0.35999999999999943
821,HNH,0.49,0.83,0.84,0.64,0.75,0.74,0.76,0.35
826,HNH,0.49,0.83,0.84,0.64,0.74,0.74,0.76,0.35
210,REC2,99.94,99.73,99.61,99.95,99.86,99.91,99.88,0.3400000000000034
561,REC3,99.69,99.56,99.87,99.9,99.81,99.77,99.85,0.3400000000000034
1222,PI,99.95,99.82,99.95,99.88,99.78,99.75,99.61,0.3400000000000034
651,REC3,99.83,99.94,99.94,99.64,99.96,99.98,99.76,0.3400000000000034
865,HNH,0.01,0.0,0.25,0.02,0.18,0.06,0.34,0.34
175,REC1-A,0.0,0.06,0.0,0.34,0.01,0.0,0.0,0.34
825,HNH,0.49,0.83,0.82,0.64,0.72,0.74,0.74,0.33999999999999997
824,HNH,0.49,0.83,0.82,0.64,0.73,0.74,0.74,0.33999999999999997
871,HNH,0.01,0.01,0.25,0.02,0.18,0.06,0.34,0.33
433,REC1-B,98.81,98.91,99.0,99.07,99.01,99.14,99.11,0.3299999999999983
415,REC1-B,100.0,99.68,99.99,100.0,100.0,99.88,99.97,0.3199999999999932
956,RuvC-III,99.68,99.99,99.99,99.98,99.99,99.99,100.0,0.3199999999999932
734,RuvC-II,100.0,100.0,100.0,99.69,100.0,100.0,100.0,0.3100000000000023
46,RuvC-I,99.73,99.72,99.76,99.77,99.82,99.51,99.52,0.30999999999998806
29,RuvC-I,99.73,99.72,99.76,99.77,99.82,99.51,99.52,0.30999999999998806
1112,PI,0.01,0.0,0.02,0.0,0.0,0.3,0.18,0.3
1132,PI,0.01,0.0,0.02,0.0,0.0,0.3,0.2,0.3
723,RuvC-II,99.99,99.71,100.0,99.95,99.99,99.98,99.95,0.29000000000000625
667,REC3,99.63,99.61,99.89,99.61,99.9,99.88,99.77,0.29000000000000625
501,REC3,0.0,0.0,0.0,0.0,0.0,0.0,0.29,0.29
45,RuvC-I,99.73,99.73,99.76,99.78,99.82,99.53,99.59,0.28999999999999204
30,RuvC-I,99.73,99.73,99.76,99.78,99.82,99.53,99.59,0.28999999999999204
729,RuvC-II,0.0,0.0,0.0,0.0,0.0,0.28,0.0,0.28
995,RuvC-III,100.0,99.99,99.73,99.98,100.0,100.0,100.0,0.269999999999996
218,REC2,99.78,99.89,99.85,99.68,99.7,99.62,99.73,0.269999999999996
127,REC1-A,99.96,99.74,99.98,99.96,99.97,99.99,100.0,0.2600000000000051
376,REC1-B,99.84,99.69,99.58,99.81,99.7,99.74,99.78,0.2600000000000051
1060,RuvC-III,0.0,0.0,0.0,0.0,0.0,0.26,0.0,0.26
1223,PI,0.03,0.05,0.27,0.01,0.12,0.01,0.05,0.26
867,HNH,0.0,0.26,0.0,0.0,0.0,0.0,0.0,0.26
646,REC3,99.82,99.82,99.68,99.56,99.81,99.79,99.8,0.2599999999999909
1238,PI,100.0,100.0,100.0,100.0,99.75,100.0,99.99,0.25
918,L2,99.96,99.99,99.81,100.0,99.75,99.97,99.95,0.25
1266,PI,99.99,99.93,99.74,99.92,99.92,99.95,99.87,0.25
48,RuvC-I,99.84,99.81,99.73,99.71,99.63,99.88,99.87,0.25
542,REC3,99.71,99.87,99.89,99.93,99.95,99.89,99.89,0.2400000000000091
1318,PI,0.0,0.05,0.24,0.0,0.1,0.01,0.02,0.24
781,HNH,99.9,99.98,100.0,99.99,99.97,100.0,99.76,0.23999999999999488
915,L2,100.0,100.0,99.77,100.0,99.85,99.99,100.0,0.23000000000000398
99,REC1-A,99.77,99.84,99.92,100.0,99.98,99.95,99.92,0.23000000000000398
647,REC3,99.98,100.0,99.94,99.77,99.99,99.97,99.92,0.23000000000000398
347,REC1-B,99.78,99.71,99.63,99.78,99.81,99.62,99.58,0.23000000000000398
123,REC1-A,99.91,99.83,99.75,99.94,99.85,99.98,99.98,0.23000000000000398
722,RuvC-II,99.99,99.76,99.99,99.95,99.99,99.99,99.86,0.22999999999998977
602,REC3,0.25,0.07,0.05,0.04,0.1,0.11,0.03,0.22
100,REC1-A,99.78,99.91,99.92,100.0,99.98,99.96,99.92,0.21999999999999886
873,HNH,99.93,99.98,99.76,99.92,99.95,99.95,99.91,0.21999999999999886
389,REC1-B,99.99,100.0,99.94,99.78,100.0,100.0,99.88,0.21999999999999886
567,REC3,99.72,99.62,99.74,99.8,99.84,99.81,99.69,0.21999999999999886
1309,PI,99.94,99.98,99.92,99.98,99.78,99.99,100.0,0.21999999999999886
550,REC3,99.95,99.76,99.93,99.91,99.9,99.85,99.73,0.21999999999999886
219,REC2,99.85,99.93,99.9,99.72,99.74,99.77,99.87,0.21000000000000796
543,REC3,99.74,99.87,99.89,99.93,99.95,99.89,99.94,0.21000000000000796
126,REC1-A,99.99,99.79,99.98,99.97,99.99,100.0,100.0,0.20999999999999375
1357,PI,99.96,99.8,99.86,99.86,99.75,99.87,99.96,0.20999999999999375
752,RuvC-II,0.05,0.07,0.03,0.07,0.22,0.02,0.09,0.2
566,REC3,99.79,99.86,99.88,99.95,99.94,99.98,99.89,0.18999999999999773
182,REC2,99.83,99.73,99.7,99.64,99.65,99.8,99.65,0.18999999999999773
1350,PI,99.93,99.8,99.86,99.84,99.75,99.85,99.94,0.18999999999999773
278,REC2,100.0,100.0,99.81,99.97,99.86,100.0,100.0,0.18999999999999773
523,REC3,99.99,99.91,99.99,99.82,99.93,99.95,99.9,0.1700000000000017
666,REC3,99.79,99.77,99.89,99.84,99.94,99.94,99.82,0.1700000000000017
665,REC3,99.79,99.77,99.89,99.84,99.94,99.94,99.82,0.1700000000000017
1144,PI,99.8,99.97,99.96,99.94,99.93,99.95,99.97,0.1700000000000017
631,REC3,99.95,99.98,100.0,99.99,99.83,99.96,99.99,0.1700000000000017
1097,RuvC-III,0.09,0.21,0.08,0.12,0.05,0.04,0.06,0.16999999999999998
53,RuvC-I,0.09,0.21,0.08,0.12,0.05,0.04,0.06,0.16999999999999998
414,REC1-B,99.92,99.79,99.88,99.96,99.85,99.89,99.94,0.1699999999999875
1349,PI,99.94,99.82,99.98,99.85,99.93,99.87,99.88,0.1600000000000108
696,REC3,99.94,99.88,99.97,99.91,99.81,99.94,99.96,0.1599999999999966
162,REC1-A,99.89,99.8,99.91,99.9,99.9,99.96,99.92,0.1599999999999966
982,RuvC-III,99.88,99.85,100.0,99.97,99.94,99.99,100.0,0.15000000000000568
562,REC3,99.98,99.83,99.96,99.95,99.9,99.88,99.98,0.15000000000000568
994,RuvC-III,100.0,100.0,99.85,99.98,100.0,100.0,100.0,0.15000000000000568
10,RuvC-I,100.0,100.0,99.98,99.85,99.95,100.0,99.99,0.15000000000000568
1015,RuvC-III,0.0,0.0,0.0,0.15,0.0,0.0,0.01,0.15
264,REC2,0.0,0.0,0.15,0.0,0.0,0.0,0.0,0.15
998,RuvC-III,100.0,100.0,100.0,99.86,100.0,99.99,99.99,0.14000000000000057
96,REC1-A,0.05,0.05,0.08,0.0,0.02,0.07,0.14,0.14
351,REC1-B,99.84,99.91,99.89,99.93,99.83,99.8,99.85,0.13000000000000966
941,RuvC-III,0.0,0.0,0.0,0.0,0.0,0.0,0.13,0.13
1291,PI,100.0,100.0,99.87,100.0,99.99,100.0,99.98,0.12999999999999545
598,REC3,99.9,99.91,99.95,99.83,99.94,99.91,99.96,0.12999999999999545
300,REC2,99.92,100.0,99.88,100.0,100.0,100.0,100.0,0.12000000000000455
85,BH,99.89,99.86,99.86,99.91,99.98,99.87,99.92,0.12000000000000455
1302,PI,99.98,99.96,99.96,99.95,100.0,99.88,99.89,0.12000000000000455
914,L2,100.0,100.0,99.94,100.0,99.88,100.0,100.0,0.12000000000000455
179,REC2,0.03,0.12,0.01,0.0,0.02,0.0,0.0,0.12
384,REC1-B,0.0,0.03,0.01,0.0,0.03,0.0,0.11,0.11
385,REC1-B,0.0,0.03,0.01,0.0,0.03,0.0,0.11,0.11
386,REC1-B,0.0,0.03,0.01,0.0,0.03,0.0,0.11,0.11
383,REC1-B,0.0,0.0,0.0,0.0,0.0,0.0,0.11,0.11
1186,PI,0.01,0.0,0.0,0.0,0.0,0.0,0.11,0.11
1013,RuvC-III,0.0,0.11,0.03,0.01,0.01,0.0,0.0,0.11
244,REC2,99.91,99.98,99.87,99.95,99.96,99.91,99.95,0.10999999999999943
758,RuvC-II,99.84,99.87,99.95,99.84,99.89,99.91,99.84,0.10999999999999943
20,RuvC-I,99.99,99.99,99.95,99.88,99.96,99.94,99.98,0.10999999999999943
522,REC3,99.97,99.89,99.97,99.9,99.96,99.86,99.92,0.10999999999999943
489,REC1-B,99.97,99.89,100.0,100.0,100.0,100.0,100.0,0.10999999999999943
141,REC1-A,99.97,99.88,99.99,99.95,99.99,99.97,99.96,0.10999999999999943
288,REC2,99.77,99.79,99.81,99.81,99.78,99.71,99.81,0.10000000000000853
695,REC3,99.97,99.88,99.97,99.94,99.93,99.94,99.98,0.10000000000000853
439,REC1-B,99.95,99.88,99.91,99.9,99.97,99.94,99.98,0.10000000000000853
440,REC1-B,99.95,99.88,99.91,99.9,99.97,99.94,99.98,0.10000000000000853
1012,RuvC-III,0.0,0.1,0.03,0.0,0.01,0.0,0.01,0.1
1011,RuvC-III,0.0,0.1,0.0,0.0,0.01,0.0,0.01,0.1
533,REC3,0.01,0.05,0.1,0.03,0.03,0.07,0.0,0.1
226,REC2,99.86,99.92,99.92,99.94,99.9,99.96,99.93,0.09999999999999432
649,REC3,99.98,99.98,100.0,99.9,100.0,100.0,100.0,0.09999999999999432
129,REC1-A,99.92,99.93,99.97,99.93,99.89,99.97,99.99,0.09999999999999432
1358,PI,99.96,99.93,99.98,99.89,99.94,99.93,99.96,0.09000000000000341
393,REC1-B,99.9,99.9,99.91,99.97,99.89,99.98,99.94,0.09000000000000341
997,RuvC-III,100.0,100.0,100.0,99.91,100.0,100.0,99.99,0.09000000000000341
532,REC3,0.03,0.06,0.08,0.04,0.03,0.1,0.01,0.09000000000000001
3,RuvC-I,0.08,0.01,0.0,0.0,0.0,0.09,0.0,0.09
58,RuvC-I,0.0,0.09,0.0,0.0,0.0,0.0,0.0,0.09
247,REC2,0.0,0.0,0.0,0.0,0.0,0.02,0.08,0.08
756,RuvC-II,0.08,0.02,0.0,0.0,0.0,0.03,0.01,0.08
907,L2,0.0,0.0,0.0,0.08,0.01,0.0,0.0,0.08
1345,PI,0.03,0.05,0.01,0.08,0.02,0.0,0.02,0.08
340,REC1-B,99.95,99.96,99.99,99.92,100.0,99.95,99.95,0.0799999999999983
622,REC3,100.0,100.0,100.0,99.92,100.0,99.99,100.0,0.0799999999999983
1173,PI,99.96,99.9,99.92,99.91,99.96,99.98,99.93,0.0799999999999983
1359,PI,99.94,99.98,100.0,99.92,99.92,99.94,99.96,0.0799999999999983
964,RuvC-III,99.99,99.99,99.99,99.96,99.92,100.0,100.0,0.0799999999999983
1212,PI,99.97,99.92,99.98,100.0,100.0,99.99,100.0,0.0799999999999983
650,REC3,99.99,99.98,100.0,99.92,100.0,100.0,99.98,0.0799999999999983
21,RuvC-I,99.99,99.98,99.97,99.92,99.96,100.0,99.99,0.0799999999999983
484,REC1-B,99.93,99.95,99.94,99.95,99.92,99.95,100.0,0.0799999999999983
788,HNH,99.92,99.99,99.94,99.99,100.0,99.99,99.97,0.0799999999999983
1213,PI,99.99,99.92,99.98,100.0,100.0,100.0,100.0,0.0799999999999983
84,BH,99.94,99.94,99.93,99.95,99.99,99.91,99.94,0.0799999999999983
1174,PI,99.95,99.91,99.91,99.88,99.94,99.95,99.91,0.07000000000000739
378,REC1-B,99.87,99.87,99.87,99.86,99.91,99.9,99.93,0.07000000000000739
1183,PI,99.77,99.75,99.79,99.74,99.72,99.72,99.79,0.07000000000000739
377,REC1-B,99.87,99.87,99.87,99.86,99.91,99.9,99.93,0.07000000000000739
4,RuvC-I,0.05,0.01,0.0,0.0,0.0,0.07,0.0,0.07
128,REC1-A,99.98,99.93,100.0,99.99,99.97,100.0,100.0,0.06999999999999318
1360,PI,99.96,99.98,100.0,99.95,99.93,99.96,99.98,0.06999999999999318
514,REC3,99.93,99.98,99.99,99.98,99.93,99.96,100.0,0.06999999999999318
874,HNH,99.97,99.99,99.92,99.95,99.96,99.95,99.96,0.06999999999999318
1172,PI,99.95,99.9,99.96,99.9,99.95,99.96,99.89,0.06999999999999318
965,RuvC-III,99.99,99.99,99.97,99.96,99.92,99.98,99.99,0.06999999999999318
1294,PI,99.99,99.99,99.92,99.98,99.99,99.98,99.95,0.06999999999999318
151,REC1-A,99.97,99.99,100.0,99.97,100.0,99.95,99.93,0.06999999999999318
632,REC3,99.97,100.0,100.0,100.0,99.93,99.99,99.97,0.06999999999999318
1289,PI,100.0,100.0,99.99,99.99,99.99,100.0,99.94,0.060000000000002274
827,HNH,99.95,99.92,99.96,99.95,99.94,99.98,99.93,0.060000000000002274
820,HNH,99.95,99.92,99.96,99.95,99.94,99.98,99.93,0.060000000000002274
1277,PI,99.99,100.0,99.94,100.0,100.0,99.98,100.0,0.060000000000002274
124,REC1-A,99.94,99.97,99.97,99.98,99.95,99.99,100.0,0.060000000000002274
633,REC3,99.95,99.96,99.97,100.0,99.94,99.99,99.98,0.060000000000002274
1288,PI,100.0,100.0,99.99,99.99,99.99,99.94,99.95,0.060000000000002274
574,REC3,0.01,0.0,0.01,0.0,0.01,0.0,0.06,0.06
172,REC1-A,0.0,0.0,0.06,0.0,0.01,0.0,0.01,0.06
56,RuvC-I,0.02,0.0,0.01,0.05,0.01,0.06,0.0,0.06
380,REC1-B,99.96,99.93,99.96,99.96,99.93,99.99,99.96,0.05999999999998806
615,REC3,99.88,99.9,99.88,99.88,99.93,99.88,99.93,0.05000000000001137
1317,PI,0.0,0.05,0.0,0.0,0.02,0.01,0.0,0.05
757,RuvC-II,0.05,0.02,0.0,0.0,0.0,0.01,0.01,0.05
180,REC2,0.0,0.05,0.0,0.0,0.0,0.0,0.0,0.05
1224,PI,0.0,0.05,0.0,0.0,0.02,0.01,0.0,0.05
583,REC3,0.0,0.0,0.0,0.05,0.01,0.0,0.0,0.05
1225,PI,0.0,0.05,0.0,0.0,0.02,0.0,0.0,0.05
485,REC1-B,99.95,99.98,99.99,99.97,99.97,99.99,100.0,0.04999999999999716
1197,PI,99.99,99.99,100.0,99.97,99.97,99.99,99.95,0.04999999999999716
140,REC1-A,99.95,99.99,100.0,99.97,100.0,99.99,99.99,0.04999999999999716
784,HNH,100.0,99.95,99.99,100.0,99.96,99.99,99.96,0.04999999999999716
1198,PI,99.97,99.98,99.98,99.95,99.96,99.93,99.93,0.04999999999999716
417,REC1-B,99.99,99.95,100.0,100.0,100.0,99.97,100.0,0.04999999999999716
369,REC1-B,99.99,99.95,99.95,100.0,99.98,99.95,99.96,0.04999999999999716
814,HNH,99.99,100.0,100.0,100.0,100.0,99.95,100.0,0.04999999999999716
444,REC1-B,99.99,99.94,99.95,99.95,99.98,99.95,99.98,0.04999999999999716
1267,PI,99.99,99.97,99.97,99.99,99.99,99.95,100.0,0.04999999999999716
928,RuvC-III,99.98,99.99,99.99,99.96,99.99,100.0,100.0,0.04000000000000625
783,HNH,100.0,99.97,99.99,99.99,99.96,99.99,99.97,0.04000000000000625
1268,PI,99.97,99.96,99.99,99.98,99.99,99.97,100.0,0.04000000000000625
330,REC1-B,100.0,100.0,99.96,100.0,100.0,100.0,100.0,0.04000000000000625
331,REC1-B,100.0,100.0,99.96,100.0,100.0,100.0,100.0,0.04000000000000625
81,BH,99.98,99.99,99.96,99.96,99.99,100.0,99.98,0.04000000000000625
1346,PI,99.97,99.99,99.97,100.0,99.99,100.0,99.96,0.04000000000000625
875,HNH,99.99,99.99,99.96,100.0,99.99,99.99,99.97,0.04000000000000625
813,HNH,100.0,100.0,100.0,100.0,100.0,99.96,100.0,0.04000000000000625
621,REC3,100.0,100.0,100.0,99.96,100.0,100.0,100.0,0.04000000000000625
1290,PI,100.0,100.0,100.0,100.0,99.99,100.0,99.96,0.04000000000000625
41,RuvC-I,0.0,0.0,0.0,0.0,0.0,0.0,0.04,0.04
880,HNH,99.97,99.96,99.94,99.93,99.94,99.95,99.97,0.03999999999999204
881,HNH,99.97,99.96,99.95,99.93,99.94,99.95,99.97,0.03999999999999204
443,REC1-B,100.0,99.97,100.0,99.98,99.99,99.98,99.99,0.030000000000001137
748,RuvC-II,99.97,99.98,99.98,100.0,99.99,100.0,100.0,0.030000000000001137
682,REC3,100.0,100.0,100.0,99.98,100.0,100.0,99.97,0.030000000000001137
1348,PI,99.97,100.0,100.0,99.98,99.99,99.99,99.99,0.030000000000001137
782,HNH,100.0,99.99,100.0,99.99,100.0,100.0,99.97,0.030000000000001137
442,REC1-B,100.0,99.99,100.0,99.97,99.99,99.98,99.99,0.030000000000001137
326,REC1-B,99.97,100.0,100.0,100.0,100.0,100.0,100.0,0.030000000000001137
327,REC1-B,99.97,100.0,100.0,100.0,100.0,100.0,100.0,0.030000000000001137
809,HNH,99.95,99.98,99.97,99.98,99.98,99.97,99.98,0.030000000000001137
161,REC1-A,99.97,100.0,99.97,100.0,99.99,99.98,100.0,0.030000000000001137
6,RuvC-I,100.0,99.99,100.0,99.97,99.98,100.0,99.99,0.030000000000001137
220,REC2,99.99,99.99,99.99,99.98,99.97,99.97,100.0,0.030000000000001137
681,REC3,100.0,100.0,100.0,99.98,100.0,100.0,99.97,0.030000000000001137
1182,PI,99.99,99.99,99.99,100.0,100.0,99.97,99.99,0.030000000000001137
760,RuvC-II,99.97,99.98,100.0,100.0,99.98,100.0,100.0,0.030000000000001137
576,REC3,0.02,0.01,0.0,0.01,0.0,0.03,0.01,0.03
1014,RuvC-III,0.0,0.0,0.03,0.0,0.0,0.0,0.0,0.03
577,REC3,0.02,0.01,0.0,0.01,0.0,0.03,0.01,0.03
379,REC1-B,99.96,99.98,99.97,99.97,99.97,99.96,99.98,0.020000000000010232
802,HNH,0.0,0.01,0.02,0.01,0.01,0.0,0.0,0.02
461,REC1-B,0.0,0.0,0.0,0.02,0.0,0.0,0.0,0.02
1127,PI,0.0,0.0,0.0,0.0,0.0,0.0,0.02,0.02
1335,PI,0.0,0.0,0.0,0.0,0.0,0.0,0.02,0.02
464,REC1-B,0.0,0.0,0.0,0.02,0.0,0.0,0.0,0.02
462,REC1-B,0.0,0.0,0.0,0.02,0.0,0.0,0.0,0.02
673,REC3,0.02,0.0,0.0,0.0,0.0,0.0,0.01,0.02
674,REC3,0.02,0.0,0.0,0.0,0.0,0.0,0.01,0.02
675,REC3,0.02,0.0,0.0,0.01,0.0,0.0,0.01,0.02
459,REC1-B,0.0,0.0,0.0,0.02,0.0,0.0,0.0,0.02
63,BH,100.0,100.0,99.98,100.0,100.0,100.0,100.0,0.01999999999999602
64,BH,100.0,100.0,99.98,100.0,100.0,100.0,100.0,0.01999999999999602
983,RuvC-III,99.99,100.0,100.0,99.98,99.98,100.0,100.0,0.01999999999999602
69,BH,100.0,99.98,100.0,100.0,100.0,100.0,100.0,0.01999999999999602
487,REC1-B,99.98,99.99,100.0,100.0,100.0,100.0,100.0,0.01999999999999602
1080,RuvC-III,100.0,99.98,99.98,100.0,100.0,100.0,99.99,0.01999999999999602
488,REC1-B,99.99,99.98,100.0,100.0,100.0,100.0,100.0,0.01999999999999602
78,BH,99.98,100.0,100.0,99.99,100.0,100.0,100.0,0.01999999999999602
486,REC1-B,99.98,99.99,100.0,100.0,100.0,100.0,100.0,0.01999999999999602
966,RuvC-III,100.0,99.98,99.99,99.99,100.0,100.0,100.0,0.01999999999999602
996,RuvC-III,100.0,99.99,100.0,99.98,100.0,100.0,100.0,0.01999999999999602
597,REC3,100.0,99.98,100.0,99.98,100.0,100.0,99.99,0.01999999999999602
785,HNH,99.98,99.99,99.99,100.0,100.0,100.0,100.0,0.01999999999999602
549,REC3,100.0,99.98,99.99,100.0,100.0,99.99,99.99,0.01999999999999602
191,REC2,99.99,100.0,99.98,100.0,100.0,100.0,100.0,0.01999999999999602
192,REC2,99.99,100.0,99.98,100.0,100.0,100.0,100.0,0.01999999999999602
565,REC3,100.0,100.0,99.98,100.0,100.0,100.0,99.98,0.01999999999999602
1269,PI,100.0,100.0,100.0,99.99,99.99,99.98,100.0,0.01999999999999602
749,RuvC-II,99.98,99.99,99.99,100.0,100.0,100.0,100.0,0.01999999999999602
1203,PI,99.99,99.98,99.99,100.0,100.0,100.0,99.99,0.01999999999999602
318,REC1-B,100.0,100.0,100.0,99.98,100.0,99.99,99.99,0.01999999999999602
887,HNH,99.99,100.0,99.98,100.0,99.99,100.0,99.99,0.01999999999999602
1307,PI,100.0,100.0,99.98,100.0,99.99,100.0,100.0,0.01999999999999602
370,REC1-B,99.99,99.99,99.98,100.0,100.0,100.0,99.99,0.01999999999999602
441,REC1-B,100.0,99.98,99.99,99.99,100.0,99.99,99.99,0.01999999999999602
810,HNH,99.98,99.99,100.0,99.98,99.99,99.98,100.0,0.01999999999999602
1308,PI,100.0,100.0,99.98,100.0,99.99,100.0,100.0,0.01999999999999602
422,REC1-B,100.0,100.0,99.99,100.0,100.0,99.98,100.0,0.01999999999999602
815,HNH,100.0,99.99,99.99,100.0,100.0,99.98,100.0,0.01999999999999602
416,REC1-B,99.99,99.98,100.0,100.0,100.0,99.98,100.0,0.01999999999999602
1231,PI,100.0,99.99,100.0,100.0,100.0,100.0,100.0,0.010000000000005116
65,BH,100.0,100.0,100.0,100.0,99.99,100.0,100.0,0.010000000000005116
747,RuvC-II,100.0,100.0,100.0,100.0,99.99,100.0,100.0,0.010000000000005116
289,REC2,100.0,100.0,100.0,100.0,99.99,100.0,100.0,0.010000000000005116
295,REC2,99.99,100.0,100.0,100.0,100.0,100.0,100.0,0.010000000000005116
296,REC2,99.99,100.0,100.0,100.0,100.0,100.0,100.0,0.010000000000005116
67,BH,100.0,99.99,100.0,100.0,100.0,100.0,100.0,0.010000000000005116
759,RuvC-II,100.0,100.0,100.0,100.0,100.0,99.99,100.0,0.010000000000005116
82,BH,100.0,100.0,100.0,99.99,99.99,100.0,99.99,0.010000000000005116
298,REC2,99.99,100.0,99.99,100.0,100.0,100.0,100.0,0.010000000000005116
70,BH,100.0,99.99,100.0,100.0,100.0,100.0,100.0,0.010000000000005116
299,REC2,99.99,100.0,99.99,100.0,100.0,100.0,100.0,0.010000000000005116
741,RuvC-II,100.0,99.99,100.0,100.0,100.0,100.0,100.0,0.010000000000005116
72,BH,99.99,100.0,100.0,100.0,100.0,100.0,100.0,0.010000000000005116
742,RuvC-II,100.0,99.99,100.0,100.0,100.0,100.0,100.0,0.010000000000005116
79,BH,100.0,100.0,99.99,99.99,99.99,100.0,100.0,0.010000000000005116
50,RuvC-I,100.0,99.99,100.0,100.0,100.0,100.0,100.0,0.010000000000005116
19,RuvC-I,100.0,100.0,99.99,100.0,99.99,99.99,100.0,0.010000000000005116
596,REC3,100.0,99.99,100.0,100.0,100.0,100.0,100.0,0.010000000000005116
1086,RuvC-III,100.0,99.99,100.0,99.99,100.0,100.0,100.0,0.010000000000005116
1085,RuvC-III,100.0,99.99,100.0,99.99,100.0,100.0,100.0,0.010000000000005116
1237,PI,100.0,100.0,100.0,100.0,99.99,100.0,100.0,0.010000000000005116
418,REC1-B,99.99,100.0,100.0,100.0,100.0,100.0,100.0,0.010000000000005116
617,REC3,100.0,100.0,100.0,99.99,100.0,100.0,100.0,0.010000000000005116
392,REC1-B,100.0,99.99,100.0,99.99,100.0,100.0,100.0,0.010000000000005116
9,RuvC-I,100.0,100.0,99.99,99.99,99.99,100.0,100.0,0.010000000000005116
390,REC1-B,99.99,100.0,100.0,100.0,100.0,100.0,100.0,0.010000000000005116
648,REC3,99.99,100.0,100.0,100.0,100.0,100.0,100.0,0.010000000000005116
739,RuvC-II,99.99,99.99,100.0,100.0,99.99,100.0,99.99,0.010000000000005116
375,REC1-B,100.0,100.0,100.0,100.0,100.0,99.99,100.0,0.010000000000005116
1180,PI,100.0,100.0,100.0,99.99,100.0,99.99,100.0,0.010000000000005116
350,REC1-B,100.0,100.0,100.0,100.0,99.99,100.0,100.0,0.010000000000005116
349,REC1-B,100.0,100.0,100.0,100.0,99.99,100.0,100.0,0.010000000000005116
348,REC1-B,100.0,100.0,100.0,100.0,99.99,100.0,100.0,0.010000000000005116
339,REC1-B,99.99,100.0,100.0,99.99,100.0,100.0,100.0,0.010000000000005116
338,REC1-B,100.0,100.0,100.0,100.0,99.99,100.0,100.0,0.010000000000005116
737,RuvC-II,100.0,100.0,100.0,99.99,100.0,100.0,100.0,0.010000000000005116
738,RuvC-II,100.0,100.0,100.0,100.0,99.99,100.0,100.0,0.010000000000005116
1232,PI,100.0,99.99,100.0,100.0,100.0,100.0,100.0,0.010000000000005116
546,REC3,99.99,100.0,100.0,100.0,100.0,100.0,100.0,0.010000000000005116
221,REC2,99.99,100.0,100.0,100.0,100.0,99.99,100.0,0.010000000000005116
160,REC1-A,100.0,100.0,99.99,100.0,100.0,99.99,100.0,0.010000000000005116
222,REC2,100.0,99.99,100.0,99.99,100.0,99.99,100.0,0.010000000000005116
936,RuvC-III,99.99,100.0,100.0,100.0,100.0,99.99,100.0,0.010000000000005116
899,HNH,100.0,99.99,99.99,100.0,100.0,100.0,100.0,0.010000000000005116
548,REC3,100.0,100.0,100.0,100.0,99.99,100.0,100.0,0.010000000000005116
895,HNH,100.0,100.0,99.99,99.99,99.99,100.0,100.0,0.010000000000005116
125,REC1-A,99.99,100.0,100.0,100.0,99.99,100.0,100.0,0.010000000000005116
544,REC3,99.99,100.0,100.0,100.0,100.0,100.0,100.0,0.010000000000005116
159,REC1-A,99.99,100.0,99.99,99.99,100.0,100.0,100.0,0.010000000000005116
894,HNH,100.0,100.0,99.99,99.99,99.99,100.0,100.0,0.010000000000005116
811,HNH,100.0,100.0,100.0,100.0,100.0,99.99,100.0,0.010000000000005116
183,REC2,99.99,100.0,100.0,100.0,100.0,100.0,100.0,0.010000000000005116
886,HNH,100.0,100.0,99.99,100.0,100.0,100.0,100.0,0.010000000000005116
935,RuvC-III,99.99,100.0,100.0,100.0,100.0,100.0,100.0,0.010000000000005116
582,REC3,0.0,0.0,0.0,0.0,0.0,0.0,0.01,0.01
197,REC2,0.0,0.01,0.0,0.0,0.0,0.01,0.0,0.01
923,RuvC-III,0.0,0.0,0.0,0.0,0.0,0.01,0.0,0.01
890,HNH,0.01,0.0,0.01,0.0,0.0,0.0,0.0,0.01
164,REC1-A,0.0,0.01,0.0,0.01,0.0,0.0,0.0,0.01
198,REC2,0.0,0.01,0.0,0.0,0.0,0.01,0.0,0.01
497,REC3,0.01,0.0,0.0,0.0,0.0,0.0,0.0,0.01
202,REC2,0.0,0.0,0.0,0.01,0.0,0.0,0.01,0.01
891,HNH,0.01,0.0,0.01,0.0,0.0,0.0,0.0,0.01
1283,PI,0.0,0.0,0.0,0.0,0.01,0.0,0.0,0.01
866,HNH,0.0,0.01,0.0,0.0,0.0,0.0,0.0,0.01
527,REC3,0.0,0.0,0.0,0.0,0.0,0.0,0.01,0.01
458,REC1-B,0.0,0.0,0.0,0.0,0.01,0.0,0.0,0.01
248,REC2,0.0,0.0,0.01,0.0,0.0,0.0,0.0,0.01
676,REC3,0.0,0.01,0.0,0.01,0.01,0.0,0.0,0.01
1177,PI,0.0,0.0,0.0,0.0,0.0,0.0,0.0,0.0
1101,PI,0.0,0.0,0.0,0.0,0.0,0.0,0.0,0.0
1102,PI,0.0,0.0,0.0,0.0,0.0,0.0,0.0,0.0
1228,PI,0.0,0.0,0.0,0.0,0.0,0.0,0.0,0.0
1181,PI,100.0,100.0,100.0,100.0,100.0,100.0,100.0,0.0
1138,PI,0.0,0.0,0.0,0.0,0.0,0.0,0.0,0.0
1248,PI,0.0,0.0,0.0,0.0,0.0,0.0,0.0,0.0
1305,PI,100.0,100.0,100.0,100.0,100.0,100.0,100.0,0.0
1328,PI,0.0,0.0,0.0,0.0,0.0,0.0,0.0,0.0
1327,PI,0.0,0.0,0.0,0.0,0.0,0.0,0.0,0.0
1100,RuvC-III,0.0,0.0,0.0,0.0,0.0,0.0,0.0,0.0
1098,RuvC-III,0.0,0.0,0.0,0.0,0.0,0.0,0.0,0.0
1236,PI,100.0,100.0,100.0,100.0,100.0,100.0,100.0,0.0
1235,PI,100.0,100.0,100.0,100.0,100.0,100.0,100.0,0.0
1234,PI,100.0,100.0,100.0,100.0,100.0,100.0,100.0,0.0
1320,PI,0.0,0.0,0.0,0.0,0.0,0.0,0.0,0.0
1306,PI,100.0,100.0,100.0,100.0,100.0,100.0,100.0,0.0
1303,PI,100.0,100.0,100.0,100.0,100.0,100.0,100.0,0.0
1142,PI,100.0,100.0,100.0,100.0,100.0,100.0,100.0,0.0
1354,PI,0.0,0.0,0.0,0.0,0.0,0.0,0.0,0.0
1229,PI,0.0,0.0,0.0,0.0,0.0,0.0,0.0,0.0
1201,PI,0.0,0.0,0.0,0.0,0.0,0.0,0.0,0.0
1227,PI,0.0,0.0,0.0,0.0,0.0,0.0,0.0,0.0
1276,PI,100.0,100.0,100.0,100.0,100.0,100.0,100.0,0.0
1226,PI,0.0,0.0,0.0,0.0,0.0,0.0,0.0,0.0
1105,PI,0.0,0.0,0.0,0.0,0.0,0.0,0.0,0.0
1321,PI,0.0,0.0,0.0,0.0,0.0,0.0,0.0,0.0
1275,PI,100.0,100.0,100.0,100.0,100.0,100.0,100.0,0.0
1347,PI,100.0,100.0,100.0,100.0,100.0,100.0,100.0,0.0
1274,PI,100.0,100.0,100.0,100.0,100.0,100.0,100.0,0.0
1351,PI,0.0,0.0,0.0,0.0,0.0,0.0,0.0,0.0
1352,PI,0.0,0.0,0.0,0.0,0.0,0.0,0.0,0.0
1300,PI,0.0,0.0,0.0,0.0,0.0,0.0,0.0,0.0
1353,PI,0.0,0.0,0.0,0.0,0.0,0.0,0.0,0.0
1273,PI,100.0,100.0,100.0,100.0,100.0,100.0,100.0,0.0
1143,PI,100.0,100.0,100.0,100.0,100.0,100.0,100.0,0.0
1204,PI,100.0,100.0,100.0,100.0,100.0,100.0,100.0,0.0
1355,PI,0.0,0.0,0.0,0.0,0.0,0.0,0.0,0.0
1272,PI,100.0,100.0,100.0,100.0,100.0,100.0,100.0,0.0
1356,PI,0.0,0.0,0.0,0.0,0.0,0.0,0.0,0.0
1271,PI,100.0,100.0,100.0,100.0,100.0,100.0,100.0,0.0
1270,PI,100.0,100.0,100.0,100.0,100.0,100.0,100.0,0.0
1301,PI,0.0,0.0,0.0,0.0,0.0,0.0,0.0,0.0
1113,PI,0.0,0.0,0.0,0.0,0.0,0.0,0.0,0.0
1104,PI,0.0,0.0,0.0,0.0,0.0,0.0,0.0,0.0
1103,PI,0.0,0.0,0.0,0.0,0.0,0.0,0.0,0.0
1114,PI,0.0,0.0,0.0,0.0,0.0,0.0,0.0,0.0
1115,PI,0.0,0.0,0.0,0.0,0.0,0.0,0.0,0.0
1304,PI,100.0,100.0,100.0,100.0,100.0,100.0,100.0,0.0
1233,PI,100.0,100.0,100.0,100.0,100.0,100.0,100.0,0.0
1122,PI,0.0,0.0,0.0,0.0,0.0,0.0,0.0,0.0
1,RuvC-I,0.0,0.0,0.0,0.0,0.0,0.0,0.0,0.0
1092,RuvC-III,0.0,0.0,0.0,0.0,0.0,0.0,0.0,0.0
314,REC1-B,0.0,0.0,0.0,0.0,0.0,0.0,0.0,0.0
290,REC2,100.0,100.0,100.0,100.0,100.0,100.0,100.0,0.0
291,REC2,100.0,100.0,100.0,100.0,100.0,100.0,100.0,0.0
292,REC2,100.0,100.0,100.0,100.0,100.0,100.0,100.0,0.0
293,REC2,100.0,100.0,100.0,100.0,100.0,100.0,100.0,0.0
294,REC2,100.0,100.0,100.0,100.0,100.0,100.0,100.0,0.0
297,REC2,100.0,100.0,100.0,100.0,100.0,100.0,100.0,0.0
315,REC1-B,0.0,0.0,0.0,0.0,0.0,0.0,0.0,0.0
328,REC1-B,100.0,100.0,100.0,100.0,100.0,100.0,100.0,0.0
319,REC1-B,100.0,100.0,100.0,100.0,100.0,100.0,100.0,0.0
320,REC1-B,100.0,100.0,100.0,100.0,100.0,100.0,100.0,0.0
321,REC1-B,100.0,100.0,100.0,100.0,100.0,100.0,100.0,0.0
322,REC1-B,100.0,100.0,100.0,100.0,100.0,100.0,100.0,0.0
323,REC1-B,100.0,100.0,100.0,100.0,100.0,100.0,100.0,0.0
324,REC1-B,100.0,100.0,100.0,100.0,100.0,100.0,100.0,0.0
250,REC2,0.0,0.0,0.0,0.0,0.0,0.0,0.0,0.0
249,REC2,0.0,0.0,0.0,0.0,0.0,0.0,0.0,0.0
243,REC2,100.0,100.0,100.0,100.0,100.0,100.0,100.0,0.0
242,REC2,100.0,100.0,100.0,100.0,100.0,100.0,100.0,0.0
241,REC2,100.0,100.0,100.0,100.0,100.0,100.0,100.0,0.0
240,REC2,100.0,100.0,100.0,100.0,100.0,100.0,100.0,0.0
239,REC2,100.0,100.0,100.0,100.0,100.0,100.0,100.0,0.0
230,REC2,0.0,0.0,0.0,0.0,0.0,0.0,0.0,0.0
229,REC2,0.0,0.0,0.0,0.0,0.0,0.0,0.0,0.0
225,REC2,100.0,100.0,100.0,100.0,100.0,100.0,100.0,0.0
224,REC2,100.0,100.0,100.0,100.0,100.0,100.0,100.0,0.0
223,REC2,100.0,100.0,100.0,100.0,100.0,100.0,100.0,0.0
217,REC2,0.0,0.0,0.0,0.0,0.0,0.0,0.0,0.0
216,REC2,0.0,0.0,0.0,0.0,0.0,0.0,0.0,0.0
215,REC2,0.0,0.0,0.0,0.0,0.0,0.0,0.0,0.0
214,REC2,0.0,0.0,0.0,0.0,0.0,0.0,0.0,0.0
201,REC2,0.0,0.0,0.0,0.0,0.0,0.0,0.0,0.0
325,REC1-B,100.0,100.0,100.0,100.0,100.0,100.0,100.0,0.0
329,REC1-B,100.0,100.0,100.0,100.0,100.0,100.0,100.0,0.0
1091,RuvC-III,0.0,0.0,0.0,0.0,0.0,0.0,0.0,0.0
403,REC1-B,0.0,0.0,0.0,0.0,0.0,0.0,0.0,0.0
397,REC1-B,0.0,0.0,0.0,0.0,0.0,0.0,0.0,0.0
398,REC1-B,0.0,0.0,0.0,0.0,0.0,0.0,0.0,0.0
399,REC1-B,0.0,0.0,0.0,0.0,0.0,0.0,0.0,0.0
400,REC1-B,0.0,0.0,0.0,0.0,0.0,0.0,0.0,0.0
401,REC1-B,0.0,0.0,0.0,0.0,0.0,0.0,0.0,0.0
402,REC1-B,0.0,0.0,0.0,0.0,0.0,0.0,0.0,0.0
404,REC1-B,0.0,0.0,0.0,0.0,0.0,0.0,0.0,0.0
332,REC1-B,100.0,100.0,100.0,100.0,100.0,100.0,100.0,0.0
410,REC1-B,0.0,0.0,0.0,0.0,0.0,0.0,0.0,0.0
419,REC1-B,100.0,100.0,100.0,100.0,100.0,100.0,100.0,0.0
420,REC1-B,100.0,100.0,100.0,100.0,100.0,100.0,100.0,0.0
421,REC1-B,100.0,100.0,100.0,100.0,100.0,100.0,100.0,0.0
430,REC1-B,0.0,0.0,0.0,0.0,0.0,0.0,0.0,0.0
446,REC1-B,0.0,0.0,0.0,0.0,0.0,0.0,0.0,0.0
396,REC1-B,0.0,0.0,0.0,0.0,0.0,0.0,0.0,0.0
391,REC1-B,100.0,100.0,100.0,100.0,100.0,100.0,100.0,0.0
374,REC1-B,100.0,100.0,100.0,100.0,100.0,100.0,100.0,0.0
373,REC1-B,100.0,100.0,100.0,100.0,100.0,100.0,100.0,0.0
372,REC1-B,100.0,100.0,100.0,100.0,100.0,100.0,100.0,0.0
371,REC1-B,100.0,100.0,100.0,100.0,100.0,100.0,100.0,0.0
368,REC1-B,0.0,0.0,0.0,0.0,0.0,0.0,0.0,0.0
367,REC1-B,0.0,0.0,0.0,0.0,0.0,0.0,0.0,0.0
358,REC1-B,0.0,0.0,0.0,0.0,0.0,0.0,0.0,0.0
357,REC1-B,0.0,0.0,0.0,0.0,0.0,0.0,0.0,0.0
353,REC1-B,0.0,0.0,0.0,0.0,0.0,0.0,0.0,0.0
343,REC1-B,0.0,0.0,0.0,0.0,0.0,0.0,0.0,0.0
337,REC1-B,100.0,100.0,100.0,100.0,100.0,100.0,100.0,0.0
336,REC1-B,100.0,100.0,100.0,100.0,100.0,100.0,100.0,0.0
335,REC1-B,100.0,100.0,100.0,100.0,100.0,100.0,100.0,0.0
334,REC1-B,100.0,100.0,100.0,100.0,100.0,100.0,100.0,0.0
333,REC1-B,100.0,100.0,100.0,100.0,100.0,100.0,100.0,0.0
200,REC2,0.0,0.0,0.0,0.0,0.0,0.0,0.0,0.0
199,REC2,0.0,0.0,0.0,0.0,0.0,0.0,0.0,0.0
190,REC2,100.0,100.0,100.0,100.0,100.0,100.0,100.0,0.0
95,REC1-A,0.0,0.0,0.0,0.0,0.0,0.0,0.0,0.0
74,BH,100.0,100.0,100.0,100.0,100.0,100.0,100.0,0.0
75,BH,100.0,100.0,100.0,100.0,100.0,100.0,100.0,0.0
76,BH,100.0,100.0,100.0,100.0,100.0,100.0,100.0,0.0
77,BH,100.0,100.0,100.0,100.0,100.0,100.0,100.0,0.0
80,BH,100.0,100.0,100.0,100.0,100.0,100.0,100.0,0.0
83,BH,100.0,100.0,100.0,100.0,100.0,100.0,100.0,0.0
106,REC1-A,0.0,0.0,0.0,0.0,0.0,0.0,0.0,0.0
189,REC2,100.0,100.0,100.0,100.0,100.0,100.0,100.0,0.0
107,REC1-A,0.0,0.0,0.0,0.0,0.0,0.0,0.0,0.0
111,REC1-A,0.0,0.0,0.0,0.0,0.0,0.0,0.0,0.0
112,REC1-A,0.0,0.0,0.0,0.0,0.0,0.0,0.0,0.0
113,REC1-A,0.0,0.0,0.0,0.0,0.0,0.0,0.0,0.0
114,REC1-A,0.0,0.0,0.0,0.0,0.0,0.0,0.0,0.0
115,REC1-A,0.0,0.0,0.0,0.0,0.0,0.0,0.0,0.0
73,BH,100.0,100.0,100.0,100.0,100.0,100.0,100.0,0.0
71,BH,100.0,100.0,100.0,100.0,100.0,100.0,100.0,0.0
68,BH,100.0,100.0,100.0,100.0,100.0,100.0,100.0,0.0
66,BH,100.0,100.0,100.0,100.0,100.0,100.0,100.0,0.0
57,RuvC-I,0.0,0.0,0.0,0.0,0.0,0.0,0.0,0.0
55,RuvC-I,0.0,0.0,0.0,0.0,0.0,0.0,0.0,0.0
54,RuvC-I,0.0,0.0,0.0,0.0,0.0,0.0,0.0,0.0
49,RuvC-I,100.0,100.0,100.0,100.0,100.0,100.0,100.0,0.0
47,RuvC-I,0.0,0.0,0.0,0.0,0.0,0.0,0.0,0.0
28,RuvC-I,0.0,0.0,0.0,0.0,0.0,0.0,0.0,0.0
27,RuvC-I,0.0,0.0,0.0,0.0,0.0,0.0,0.0,0.0
18,RuvC-I,100.0,100.0,100.0,100.0,100.0,100.0,100.0,0.0
17,RuvC-I,100.0,100.0,100.0,100.0,100.0,100.0,100.0,0.0
14,RuvC-I,0.0,0.0,0.0,0.0,0.0,0.0,0.0,0.0
13,RuvC-I,0.0,0.0,0.0,0.0,0.0,0.0,0.0,0.0
8,RuvC-I,100.0,100.0,100.0,100.0,100.0,100.0,100.0,0.0
7,RuvC-I,100.0,100.0,100.0,100.0,100.0,100.0,100.0,0.0
117,REC1-A,0.0,0.0,0.0,0.0,0.0,0.0,0.0,0.0
118,REC1-A,0.0,0.0,0.0,0.0,0.0,0.0,0.0,0.0
119,REC1-A,0.0,0.0,0.0,0.0,0.0,0.0,0.0,0.0
155,REC1-A,100.0,100.0,100.0,100.0,100.0,100.0,100.0,0.0
188,REC2,100.0,100.0,100.0,100.0,100.0,100.0,100.0,0.0
187,REC2,100.0,100.0,100.0,100.0,100.0,100.0,100.0,0.0
186,REC2,100.0,100.0,100.0,100.0,100.0,100.0,100.0,0.0
185,REC2,100.0,100.0,100.0,100.0,100.0,100.0,100.0,0.0
184,REC2,100.0,100.0,100.0,100.0,100.0,100.0,100.0,0.0
174,REC1-A,0.0,0.0,0.0,0.0,0.0,0.0,0.0,0.0
173,REC1-A,0.0,0.0,0.0,0.0,0.0,0.0,0.0,0.0
169,REC1-A,0.0,0.0,0.0,0.0,0.0,0.0,0.0,0.0
168,REC1-A,0.0,0.0,0.0,0.0,0.0,0.0,0.0,0.0
166,REC1-A,0.0,0.0,0.0,0.0,0.0,0.0,0.0,0.0
165,REC1-A,0.0,0.0,0.0,0.0,0.0,0.0,0.0,0.0
158,REC1-A,100.0,100.0,100.0,100.0,100.0,100.0,100.0,0.0
157,REC1-A,100.0,100.0,100.0,100.0,100.0,100.0,100.0,0.0
156,REC1-A,100.0,100.0,100.0,100.0,100.0,100.0,100.0,0.0
154,REC1-A,100.0,100.0,100.0,100.0,100.0,100.0,100.0,0.0
121,REC1-A,0.0,0.0,0.0,0.0,0.0,0.0,0.0,0.0
153,REC1-A,100.0,100.0,100.0,100.0,100.0,100.0,100.0,0.0
152,REC1-A,100.0,100.0,100.0,100.0,100.0,100.0,100.0,0.0
150,REC1-A,0.0,0.0,0.0,0.0,0.0,0.0,0.0,0.0
149,REC1-A,0.0,0.0,0.0,0.0,0.0,0.0,0.0,0.0
148,REC1-A,0.0,0.0,0.0,0.0,0.0,0.0,0.0,0.0
147,REC1-A,0.0,0.0,0.0,0.0,0.0,0.0,0.0,0.0
146,REC1-A,0.0,0.0,0.0,0.0,0.0,0.0,0.0,0.0
145,REC1-A,0.0,0.0,0.0,0.0,0.0,0.0,0.0,0.0
139,REC1-A,100.0,100.0,100.0,100.0,100.0,100.0,100.0,0.0
138,REC1-A,100.0,100.0,100.0,100.0,100.0,100.0,100.0,0.0
137,REC1-A,100.0,100.0,100.0,100.0,100.0,100.0,100.0,0.0
136,REC1-A,100.0,100.0,100.0,100.0,100.0,100.0,100.0,0.0
133,REC1-A,0.0,0.0,0.0,0.0,0.0,0.0,0.0,0.0
132,REC1-A,0.0,0.0,0.0,0.0,0.0,0.0,0.0,0.0
447,REC1-B,0.0,0.0,0.0,0.0,0.0,0.0,0.0,0.0
448,REC1-B,0.0,0.0,0.0,0.0,0.0,0.0,0.0,0.0
449,REC1-B,0.0,0.0,0.0,0.0,0.0,0.0,0.0,0.0
896,HNH,100.0,100.0,100.0,100.0,100.0,100.0,100.0,0.0
882,HNH,100.0,100.0,100.0,100.0,100.0,100.0,100.0,0.0
883,HNH,100.0,100.0,100.0,100.0,100.0,100.0,100.0,0.0
884,HNH,100.0,100.0,100.0,100.0,100.0,100.0,100.0,0.0
885,HNH,100.0,100.0,100.0,100.0,100.0,100.0,100.0,0.0
892,HNH,0.0,0.0,0.0,0.0,0.0,0.0,0.0,0.0
893,HNH,0.0,0.0,0.0,0.0,0.0,0.0,0.0,0.0
897,HNH,100.0,100.0,100.0,100.0,100.0,100.0,100.0,0.0
818,HNH,0.0,0.0,0.0,0.0,0.0,0.0,0.0,0.0
898,HNH,100.0,100.0,100.0,100.0,100.0,100.0,100.0,0.0
908,L2,0.0,0.0,0.0,0.0,0.0,0.0,0.0,0.0
909,L2,0.0,0.0,0.0,0.0,0.0,0.0,0.0,0.0
924,RuvC-III,0.0,0.0,0.0,0.0,0.0,0.0,0.0,0.0
925,RuvC-III,0.0,0.0,0.0,0.0,0.0,0.0,0.0,0.0
929,RuvC-III,100.0,100.0,100.0,100.0,100.0,100.0,100.0,0.0
876,HNH,100.0,100.0,100.0,100.0,100.0,100.0,100.0,0.0
872,HNH,0.0,0.0,0.0,0.0,0.0,0.0,0.0,0.0
870,HNH,0.0,0.0,0.0,0.0,0.0,0.0,0.0,0.0
869,HNH,0.0,0.0,0.0,0.0,0.0,0.0,0.0,0.0
868,HNH,0.0,0.0,0.0,0.0,0.0,0.0,0.0,0.0
860,HNH,0.0,0.0,0.0,0.0,0.0,0.0,0.0,0.0
859,HNH,0.0,0.0,0.0,0.0,0.0,0.0,0.0,0.0
850,HNH,0.0,0.0,0.0,0.0,0.0,0.0,0.0,0.0
849,HNH,0.0,0.0,0.0,0.0,0.0,0.0,0.0,0.0
848,HNH,0.0,0.0,0.0,0.0,0.0,0.0,0.0,0.0
843,HNH,0.0,0.0,0.0,0.0,0.0,0.0,0.0,0.0
842,HNH,0.0,0.0,0.0,0.0,0.0,0.0,0.0,0.0
841,HNH,0.0,0.0,0.0,0.0,0.0,0.0,0.0,0.0
829,HNH,0.0,0.0,0.0,0.0,0.0,0.0,0.0,0.0
828,HNH,0.0,0.0,0.0,0.0,0.0,0.0,0.0,0.0
823,HNH,0.0,0.0,0.0,0.0,0.0,0.0,0.0,0.0
822,HNH,0.0,0.0,0.0,0.0,0.0,0.0,0.0,0.0
930,RuvC-III,100.0,100.0,100.0,100.0,100.0,100.0,100.0,0.0
931,RuvC-III,100.0,100.0,100.0,100.0,100.0,100.0,100.0,0.0
932,RuvC-III,100.0,100.0,100.0,100.0,100.0,100.0,100.0,0.0
990,RuvC-III,100.0,100.0,100.0,100.0,100.0,100.0,100.0,0.0
1090,RuvC-III,0.0,0.0,0.0,0.0,0.0,0.0,0.0,0.0
1089,RuvC-III,0.0,0.0,0.0,0.0,0.0,0.0,0.0,0.0
1084,RuvC-III,100.0,100.0,100.0,100.0,100.0,100.0,100.0,0.0
1083,RuvC-III,100.0,100.0,100.0,100.0,100.0,100.0,100.0,0.0
1082,RuvC-III,100.0,100.0,100.0,100.0,100.0,100.0,100.0,0.0
1081,RuvC-III,100.0,100.0,100.0,100.0,100.0,100.0,100.0,0.0
1062,RuvC-III,0.0,0.0,0.0,0.0,0.0,0.0,0.0,0.0
1061,RuvC-III,0.0,0.0,0.0,0.0,0.0,0.0,0.0,0.0
1048,RuvC-III,0.0,0.0,0.0,0.0,0.0,0.0,0.0,0.0
1047,RuvC-III,0.0,0.0,0.0,0.0,0.0,0.0,0.0,0.0
1001,RuvC-III,0.0,0.0,0.0,0.0,0.0,0.0,0.0,0.0
993,RuvC-III,100.0,100.0,100.0,100.0,100.0,100.0,100.0,0.0
992,RuvC-III,100.0,100.0,100.0,100.0,100.0,100.0,100.0,0.0
991,RuvC-III,100.0,100.0,100.0,100.0,100.0,100.0,100.0,0.0
989,RuvC-III,100.0,100.0,100.0,100.0,100.0,100.0,100.0,0.0
933,RuvC-III,100.0,100.0,100.0,100.0,100.0,100.0,100.0,0.0
988,RuvC-III,100.0,100.0,100.0,100.0,100.0,100.0,100.0,0.0
987,RuvC-III,100.0,100.0,100.0,100.0,100.0,100.0,100.0,0.0
986,RuvC-III,100.0,100.0,100.0,100.0,100.0,100.0,100.0,0.0
985,RuvC-III,100.0,100.0,100.0,100.0,100.0,100.0,100.0,0.0
984,RuvC-III,100.0,100.0,100.0,100.0,100.0,100.0,100.0,0.0
979,RuvC-III,0.0,0.0,0.0,0.0,0.0,0.0,0.0,0.0
975,RuvC-III,0.0,0.0,0.0,0.0,0.0,0.0,0.0,0.0
974,RuvC-III,0.0,0.0,0.0,0.0,0.0,0.0,0.0,0.0
973,RuvC-III,0.0,0.0,0.0,0.0,0.0,0.0,0.0,0.0
972,RuvC-III,0.0,0.0,0.0,0.0,0.0,0.0,0.0,0.0
953,RuvC-III,0.0,0.0,0.0,0.0,0.0,0.0,0.0,0.0
952,RuvC-III,0.0,0.0,0.0,0.0,0.0,0.0,0.0,0.0
951,RuvC-III,0.0,0.0,0.0,0.0,0.0,0.0,0.0,0.0
934,RuvC-III,100.0,100.0,100.0,100.0,100.0,100.0,100.0,0.0
819,HNH,0.0,0.0,0.0,0.0,0.0,0.0,0.0,0.0
812,HNH,100.0,100.0,100.0,100.0,100.0,100.0,100.0,0.0
453,REC1-B,0.0,0.0,0.0,0.0,0.0,0.0,0.0,0.0
541,REC3,0.0,0.0,0.0,0.0,0.0,0.0,0.0,0.0
517,REC3,100.0,100.0,100.0,100.0,100.0,100.0,100.0,0.0
518,REC3,100.0,100.0,100.0,100.0,100.0,100.0,100.0,0.0
519,REC3,100.0,100.0,100.0,100.0,100.0,100.0,100.0,0.0
520,REC3,100.0,100.0,100.0,100.0,100.0,100.0,100.0,0.0
521,REC3,100.0,100.0,100.0,100.0,100.0,100.0,100.0,0.0
540,REC3,0.0,0.0,0.0,0.0,0.0,0.0,0.0,0.0
545,REC3,100.0,100.0,100.0,100.0,100.0,100.0,100.0,0.0
801,HNH,0.0,0.0,0.0,0.0,0.0,0.0,0.0,0.0
547,REC3,100.0,100.0,100.0,100.0,100.0,100.0,100.0,0.0
557,REC3,0.0,0.0,0.0,0.0,0.0,0.0,0.0,0.0
563,REC3,100.0,100.0,100.0,100.0,100.0,100.0,100.0,0.0
564,REC3,100.0,100.0,100.0,100.0,100.0,100.0,100.0,0.0
575,REC3,0.0,0.0,0.0,0.0,0.0,0.0,0.0,0.0
584,REC3,0.0,0.0,0.0,0.0,0.0,0.0,0.0,0.0
516,REC3,100.0,100.0,100.0,100.0,100.0,100.0,100.0,0.0
515,REC3,100.0,100.0,100.0,100.0,100.0,100.0,100.0,0.0
512,REC3,0.0,0.0,0.0,0.0,0.0,0.0,0.0,0.0
511,REC3,0.0,0.0,0.0,0.0,0.0,0.0,0.0,0.0
510,REC3,0.0,0.0,0.0,0.0,0.0,0.0,0.0,0.0
496,REC3,0.0,0.0,0.0,0.0,0.0,0.0,0.0,0.0
473,REC1-B,0.0,0.0,0.0,0.0,0.0,0.0,0.0,0.0
472,REC1-B,0.0,0.0,0.0,0.0,0.0,0.0,0.0,0.0
471,REC1-B,0.0,0.0,0.0,0.0,0.0,0.0,0.0,0.0
470,REC1-B,0.0,0.0,0.0,0.0,0.0,0.0,0.0,0.0
469,REC1-B,0.0,0.0,0.0,0.0,0.0,0.0,0.0,0.0
468,REC1-B,0.0,0.0,0.0,0.0,0.0,0.0,0.0,0.0
465,REC1-B,0.0,0.0,0.0,0.0,0.0,0.0,0.0,0.0
457,REC1-B,0.0,0.0,0.0,0.0,0.0,0.0,0.0,0.0
456,REC1-B,0.0,0.0,0.0,0.0,0.0,0.0,0.0,0.0
455,REC1-B,0.0,0.0,0.0,0.0,0.0,0.0,0.0,0.0
454,REC1-B,0.0,0.0,0.0,0.0,0.0,0.0,0.0,0.0
585,REC3,0.0,0.0,0.0,0.0,0.0,0.0,0.0,0.0
591,REC3,0.0,0.0,0.0,0.0,0.0,0.0,0.0,0.0
594,REC3,100.0,100.0,100.0,100.0,100.0,100.0,100.0,0.0
692,REC3,0.0,0.0,0.0,0.0,0.0,0.0,0.0,0.0
800,HNH,0.0,0.0,0.0,0.0,0.0,0.0,0.0,0.0
799,HNH,0.0,0.0,0.0,0.0,0.0,0.0,0.0,0.0
754,RuvC-II,0.0,0.0,0.0,0.0,0.0,0.0,0.0,0.0
753,RuvC-II,0.0,0.0,0.0,0.0,0.0,0.0,0.0,0.0
746,RuvC-II,100.0,100.0,100.0,100.0,100.0,100.0,100.0,0.0
745,RuvC-II,100.0,100.0,100.0,100.0,100.0,100.0,100.0,0.0
744,RuvC-II,100.0,100.0,100.0,100.0,100.0,100.0,100.0,0.0
743,RuvC-II,100.0,100.0,100.0,100.0,100.0,100.0,100.0,0.0
740,RuvC-II,100.0,100.0,100.0,100.0,100.0,100.0,100.0,0.0
730,RuvC-II,0.0,0.0,0.0,0.0,0.0,0.0,0.0,0.0
702,REC3,0.0,0.0,0.0,0.0,0.0,0.0,0.0,0.0
701,REC3,0.0,0.0,0.0,0.0,0.0,0.0,0.0,0.0
700,REC3,0.0,0.0,0.0,0.0,0.0,0.0,0.0,0.0
699,REC3,0.0,0.0,0.0,0.0,0.0,0.0,0.0,0.0
691,REC3,0.0,0.0,0.0,0.0,0.0,0.0,0.0,0.0
595,REC3,100.0,100.0,100.0,100.0,100.0,100.0,100.0,0.0
690,REC3,0.0,0.0,0.0,0.0,0.0,0.0,0.0,0.0
670,REC3,0.0,0.0,0.0,0.0,0.0,0.0,0.0,0.0
658,REC3,0.0,0.0,0.0,0.0,0.0,0.0,0.0,0.0
657,REC3,0.0,0.0,0.0,0.0,0.0,0.0,0.0,0.0
655,REC3,0.0,0.0,0.0,0.0,0.0,0.0,0.0,0.0
628,REC3,0.0,0.0,0.0,0.0,0.0,0.0,0.0,0.0
627,REC3,0.0,0.0,0.0,0.0,0.0,0.0,0.0,0.0
626,REC3,0.0,0.0,0.0,0.0,0.0,0.0,0.0,0.0
620,REC3,100.0,100.0,100.0,100.0,100.0,100.0,100.0,0.0
619,REC3,100.0,100.0,100.0,100.0,100.0,100.0,100.0,0.0
618,REC3,100.0,100.0,100.0,100.0,100.0,100.0,100.0,0.0
616,REC3,100.0,100.0,100.0,100.0,100.0,100.0,100.0,0.0
609,REC3,0.0,0.0,0.0,0.0,0.0,0.0,0.0,0.0
603,REC3,0.0,0.0,0.0,0.0,0.0,0.0,0.0,0.0
1368,PI,0.0,0.0,0.0,0.0,0.0,0.0,0.0,0.0
