Residue_Number,Domain,6nt_Ordered_Pct,8nt_Ordered_Pct,10nt_Ordered_Pct,12nt_Ordered_Pct,14nt_Ordered_Pct,16nt_Ordered_Pct,18nt_Ordered_Pct,Max_Shift_Pct,Early_Avg,Late_Avg,Delta_Structure,Trend
769,L1,22.89,0.01,13.05,11.03,19.66,43.74,23.6,43.73,11.450000000000001,33.67,22.22,Folder (Disorder → Order)
771,L1,2.05,0.0,0.06,0.0,0.0,31.5,51.75,51.75,1.025,41.625,40.6,Folder (Disorder → Order)
772,L1,0.23,0.01,0.97,0.0,0.0,15.55,47.66,47.66,0.12000000000000001,31.604999999999997,31.484999999999996,Folder (Disorder → Order)
774,L1,78.61,60.14,78.78,93.21,76.69,2.63,26.12,90.58,69.375,14.375,-55.0,Melter (Order → Disorder)
775,L1,93.29,68.37,88.01,99.73,98.57,2.61,0.48,99.25,80.83000000000001,1.545,-79.28500000000001,Melter (Order → Disorder)
773,L1,13.27,45.48,33.9,88.02,70.4,4.41,43.46,83.61,29.375,23.935000000000002,-5.439999999999998,Transient / Complex
1120,PI,72.96,42.86,93.71,41.9,50.19,78.63,89.97,51.809999999999995,57.91,84.3,26.39,Folder (Disorder → Order)
1220,PI,47.56,99.78,99.3,99.46,99.57,99.76,99.2,52.22,73.67,99.48,25.810000000000002,Folder (Disorder → Order)
1110,PI,26.02,68.78,28.88,54.55,56.22,22.85,21.84,46.94,47.4,22.345,-25.055,Melter (Order → Disorder)
1150,PI,79.81,77.06,86.79,85.23,77.56,57.38,44.36,42.43000000000001,78.435,50.870000000000005,-27.564999999999998,Melter (Order → Disorder)
1206,PI,60.23,59.84,71.35,63.63,69.94,31.05,46.55,40.3,60.035,38.8,-21.235,Melter (Order → Disorder)
1210,PI,60.21,59.84,71.36,63.63,69.94,31.05,46.57,40.31,60.025000000000006,38.81,-21.215000000000003,Melter (Order → Disorder)
1215,PI,40.98,96.73,94.18,92.79,90.68,98.11,73.65,57.13,68.855,85.88,17.02499999999999,Transient / Complex
1216,PI,41.38,96.86,94.55,92.56,91.7,98.36,73.92,56.98,69.12,86.14,17.019999999999996,Transient / Complex
1219,PI,42.3,96.86,94.59,93.76,91.13,98.4,76.91,56.10000000000001,69.58,87.655,18.075000000000003,Transient / Complex
1240,PI,45.58,34.36,84.54,33.1,30.77,28.06,34.54,56.48,39.97,31.299999999999997,-8.670000000000002,Transient / Complex
494,REC1-B,99.33,77.36,79.47,74.3,41.07,40.0,41.41,59.33,88.345,40.705,-47.64,Melter (Order → Disorder)
495,REC1-B,87.6,60.05,78.99,72.33,40.47,37.49,40.93,50.10999999999999,73.82499999999999,39.21,-34.61499999999999,Melter (Order → Disorder)
303,REC2,67.38,73.38,64.59,50.3,56.21,97.72,97.4,47.42,70.38,97.56,27.180000000000007,Folder (Disorder → Order)
304,REC2,52.47,64.94,53.43,42.9,42.74,91.58,90.64,48.84,58.705,91.11,32.405,Folder (Disorder → Order)
305,REC2,51.8,65.0,52.31,42.11,42.14,78.0,88.78,46.67,58.4,83.39,24.990000000000002,Folder (Disorder → Order)
251,REC2,75.4,96.15,37.42,78.47,95.79,70.67,59.71,58.73,85.775,65.19,-20.585000000000008,Melter (Order → Disorder)
263,REC2,75.4,96.15,38.2,78.47,95.79,70.66,59.69,57.95,85.775,65.175,-20.60000000000001,Melter (Order → Disorder)
254,REC2,86.07,81.44,45.99,80.21,79.14,83.86,82.67,40.07999999999999,83.755,83.265,-0.4899999999999949,Transient / Complex
255,REC2,84.08,79.57,35.65,77.8,77.2,71.0,57.96,48.43,81.82499999999999,64.48,-17.344999999999985,Transient / Complex
256,REC2,61.52,58.01,1.54,56.79,60.47,48.45,38.73,59.98,59.765,43.59,-16.174999999999997,Transient / Complex
271,REC2,85.39,99.25,21.95,77.56,82.84,99.01,97.69,77.3,92.32,98.35,6.030000000000001,Transient / Complex
272,REC2,88.53,99.93,58.73,99.84,99.83,99.79,99.73,41.20000000000001,94.23,99.76,5.530000000000001,Transient / Complex
284,REC2,92.07,91.69,50.68,92.69,91.85,92.39,91.77,42.01,91.88,92.08,0.20000000000000284,Transient / Complex
538,REC3,98.32,99.86,99.91,99.89,99.91,99.82,1.25,98.66,99.09,50.535,-48.55500000000001,Melter (Order → Disorder)
539,REC3,82.77,89.01,81.67,89.49,83.15,87.29,34.68,54.809999999999995,85.89,60.985,-24.905,Melter (Order → Disorder)
531,REC3,16.85,45.79,47.25,47.37,43.37,46.82,0.52,46.849999999999994,31.32,23.67,-7.649999999999999,Transient / Complex
624,REC3,98.71,99.19,99.72,56.43,99.55,99.71,99.39,43.29,98.94999999999999,99.55,0.6000000000000085,Transient / Complex
625,REC3,97.62,98.41,98.83,25.9,99.36,98.76,98.93,73.46000000000001,98.015,98.845,0.8299999999999983,Transient / Complex
712,REC3,80.93,90.6,80.71,25.53,52.65,67.08,96.93,71.4,85.765,82.005,-3.760000000000005,Transient / Complex
713,REC3,57.05,66.24,72.06,15.55,43.96,59.23,89.25,73.7,61.644999999999996,74.24,12.594999999999999,Transient / Complex
714,REC3,46.92,47.37,51.69,9.68,23.81,38.85,67.01,57.330000000000005,47.144999999999996,52.93000000000001,5.785000000000011,Transient / Complex
5,RuvC-I,58.43,44.95,42.63,13.72,19.1,53.52,55.71,44.71,51.69,54.615,2.9250000000000043,Transient / Complex
23,RuvC-I,0.0,0.0,0.0,64.21,66.31,0.0,0.0,66.31,0.0,0.0,0.0,Transient / Complex
24,RuvC-I,0.0,0.0,0.0,64.05,66.22,0.0,0.0,66.22,0.0,0.0,0.0,Transient / Complex
25,RuvC-I,0.0,0.0,0.0,64.05,66.22,0.0,0.0,66.22,0.0,0.0,0.0,Transient / Complex
26,RuvC-I,0.13,4.63,3.24,46.68,40.41,0.04,1.65,46.64,2.38,0.845,-1.535,Transient / Complex
35,RuvC-I,68.55,81.05,92.7,60.72,52.48,86.15,77.61,40.220000000000006,74.8,81.88,7.079999999999998,Transient / Complex
958,RuvC-III,5.28,11.98,71.01,13.16,73.26,24.32,45.31,67.98,8.63,34.815,26.184999999999995,Folder (Disorder → Order)
960,RuvC-III,15.78,26.28,48.85,59.79,60.78,59.79,37.73,45.0,21.03,48.76,27.729999999999997,Folder (Disorder → Order)
961,RuvC-III,37.48,52.44,73.68,63.91,77.2,99.69,95.04,62.21,44.959999999999994,97.36500000000001,52.405000000000015,Folder (Disorder → Order)
981,RuvC-III,54.67,37.83,64.84,59.81,47.2,80.72,71.49,42.89,46.25,76.10499999999999,29.85499999999999,Folder (Disorder → Order)
1024,RuvC-III,0.11,0.44,0.0,0.0,0.01,0.03,80.58,80.58,0.275,40.305,40.03,Folder (Disorder → Order)
1025,RuvC-III,0.53,1.37,0.0,0.19,0.21,0.0,89.33,89.33,0.9500000000000001,44.665,43.714999999999996,Folder (Disorder → Order)
1026,RuvC-III,0.61,1.29,0.0,0.2,22.82,0.0,87.64,87.64,0.95,43.82,42.87,Folder (Disorder → Order)
1027,RuvC-III,0.76,1.07,55.29,1.11,23.69,0.56,83.31,82.75,0.915,41.935,41.02,Folder (Disorder → Order)
1028,RuvC-III,0.73,5.48,70.91,4.44,24.61,0.0,57.56,70.91,3.1050000000000004,28.78,25.675,Folder (Disorder → Order)
1031,RuvC-III,7.74,11.29,74.76,12.09,11.27,77.46,85.48,77.74000000000001,9.515,81.47,71.955,Folder (Disorder → Order)
1032,RuvC-III,2.42,1.33,65.52,11.36,5.39,78.29,86.16,84.83,1.875,82.225,80.35,Folder (Disorder → Order)
1033,RuvC-III,16.09,2.74,27.01,6.61,2.42,81.05,89.11,86.69,9.415,85.08,75.66499999999999,Folder (Disorder → Order)
1034,RuvC-III,0.0,1.53,0.02,1.66,1.34,81.04,99.87,99.87,0.765,90.45500000000001,89.69000000000001,Folder (Disorder → Order)
1035,RuvC-III,0.19,0.21,2.47,0.2,1.26,79.38,99.94,99.75,0.2,89.66,89.46,Folder (Disorder → Order)
1036,RuvC-III,0.11,0.04,3.97,98.23,0.53,92.81,100.0,99.96,0.075,96.405,96.33,Folder (Disorder → Order)
1038,RuvC-III,0.0,0.0,0.0,0.0,0.0,83.22,99.68,99.68,0.0,91.45,91.45,Folder (Disorder → Order)
1039,RuvC-III,0.0,0.0,0.0,0.0,0.0,94.71,94.8,94.8,0.0,94.755,94.755,Folder (Disorder → Order)
1040,RuvC-III,0.0,0.0,0.0,0.0,0.44,72.25,71.07,72.25,0.0,71.66,71.66,Folder (Disorder → Order)
1041,RuvC-III,0.0,0.0,0.0,0.0,0.0,43.31,19.59,43.31,0.0,31.450000000000003,31.450000000000003,Folder (Disorder → Order)
1002,RuvC-III,76.95,45.37,46.73,16.81,58.01,24.22,53.08,60.14,61.16,38.65,-22.509999999999998,Melter (Order → Disorder)
1003,RuvC-III,77.3,45.53,47.08,17.19,58.85,24.56,56.93,60.11,61.415,40.745,-20.67,Melter (Order → Disorder)
1018,RuvC-III,49.84,84.39,69.96,36.01,50.18,75.72,10.21,74.18,67.11500000000001,42.965,-24.150000000000006,Melter (Order → Disorder)
1019,RuvC-III,53.67,88.54,70.47,44.82,66.49,77.58,18.81,69.73,71.105,48.195,-22.910000000000004,Melter (Order → Disorder)
1020,RuvC-III,53.67,88.54,69.95,44.82,68.96,76.41,0.0,88.54,71.105,38.205,-32.900000000000006,Melter (Order → Disorder)
1021,RuvC-III,45.79,75.59,50.01,38.08,53.84,39.13,0.0,75.59,60.69,19.565,-41.125,Melter (Order → Disorder)
1022,RuvC-III,95.48,94.61,73.06,98.23,75.06,9.91,0.0,98.23,95.045,4.955,-90.09,Melter (Order → Disorder)
1049,RuvC-III,98.76,98.98,79.74,98.16,97.75,54.39,45.75,53.23,98.87,50.07,-48.800000000000004,Melter (Order → Disorder)
1050,RuvC-III,99.6,99.67,64.81,99.4,95.1,18.98,18.84,80.83,99.63499999999999,18.91,-80.725,Melter (Order → Disorder)
1051,RuvC-III,98.66,95.26,73.67,93.79,94.02,7.47,20.48,91.19,96.96000000000001,13.975,-82.98500000000001,Melter (Order → Disorder)
1057,RuvC-III,98.66,95.26,60.71,93.79,94.02,19.95,24.3,78.71,96.96000000000001,22.125,-74.83500000000001,Melter (Order → Disorder)
1058,RuvC-III,99.6,99.67,65.08,99.4,95.1,30.0,21.35,78.32,99.63499999999999,25.675,-73.96,Melter (Order → Disorder)
1059,RuvC-III,98.76,98.98,92.97,98.16,97.75,55.34,45.85,53.13,98.87,50.595,-48.275000000000006,Melter (Order → Disorder)
1087,RuvC-III,57.87,19.07,13.84,54.9,53.15,12.63,12.33,45.54,38.47,12.48,-25.99,Melter (Order → Disorder)
922,RuvC-III,5.07,9.16,70.49,8.63,72.59,2.03,37.06,70.56,7.115,19.545,12.430000000000001,Transient / Complex
957,RuvC-III,84.96,65.95,43.39,95.67,56.02,98.47,86.43,55.08,75.455,92.45,16.995000000000005,Transient / Complex
1004,RuvC-III,79.34,47.43,54.26,23.07,69.23,32.21,58.94,56.27,63.385000000000005,45.575,-17.810000000000002,Transient / Complex
1008,RuvC-III,61.19,41.75,49.2,19.22,61.99,30.77,68.29,49.07000000000001,51.47,49.53,-1.9399999999999977,Transient / Complex
1017,RuvC-III,0.0,0.0,60.93,0.0,0.0,19.45,10.2,60.93,0.0,14.825,14.825,Transient / Complex
1029,RuvC-III,23.56,7.29,74.89,4.68,24.71,0.0,47.48,74.89,15.424999999999999,23.74,8.315,Transient / Complex
1030,RuvC-III,6.92,6.46,79.73,11.55,20.85,0.0,7.23,79.73,6.6899999999999995,3.615,-3.0749999999999993,Transient / Complex
1037,RuvC-III,95.43,94.58,69.39,0.56,72.78,92.2,100.0,99.44,95.005,96.1,1.0949999999999989,Transient / Complex
